Group,Genus,Species,Paper,Authors,Journal,Peer_reviewed,Year,Link,Sex,Experiment_location,Swarming_time,Copula_observed,Swarming.duration..min.,Start..relative.to.sunrise.,Start..relative.to.sunset.,Sweep_net_used,Males.collected..field.,Swarm.size.by.eye..field.,Height..m.above.ground.
Ae. aborigillis,Aedes,aborigillis,"The mosquitoes of Burnaby Lake, British Columbia",Belton P.,Journal of the Entomological Society of British Columbia ,Y,1978,https://journal.entsocbc.ca/index.php/journal/article/view/1941,Male,Field,Dusk,N,,,,Y,,20,9
Ae. aegypti,Aedes,aegypti,An aggregation pheromone modulates lekking behavior in the vector mosquito Aedes aegypti (Diptera: Culicidae),Cabrera M.; Klaus Jaffe K.,Journal of the American Mosquito Control Association,Y,2007,http://doi.org/10.2987/8756-971X(2007)23[1:AAPMLB]2.0.CO;2,Male,Lab,Dawn,Y,24,4,,N,,,
Ae. aegypti,Aedes,aegypti,Behavioral Observations and Sound Recordings of Free-Flight Mating Swarms of Ae. aegypti (Diptera: Culicidae) in Thailand,Cator L.J.; Arthur B.J.; Ponlawat A.; Harrington L.C.,Journal of Medical Entomology,Y,2011,https://doi.org/10.1603/me11019,Male,Semi-field,Daylight,Y,,,,N,,21,0.3
Ae. aegypti,Aedes,aegypti,Observations on the mating behaviour of Aedes aegypti in nature.,Hartberg W.K.,Bulletin of the World Health Organization,Y,1971,https://www.ncbi.nlm.nih.gov/pmc/articles/PMC2428001/,Male,Field,Dawn,Y,,,,N,,,
Ae. aegypti,Aedes,aegypti,"Observations on the Mosquito, Aedes (Stegomyia) aegypti (L.), in East Africa. I.—The Biting Cycle in an Outdoor Population at Entebbe, Uganda",McClelland G.A.H.,Bulletin of Entomological Research,Y,1959,https://doi.org/10.1017/S0007485300054547,Male,Field,Dawn,Y,,150,,N,,,
Ae. aegypti,Aedes,aegypti,"Observations on the Mosquito, Aedes (Stegomyia) aegypti (L.), in East Africa. I.—The Biting Cycle in an Outdoor Population at Entebbe, Uganda",McClelland G.A.H.,Bulletin of Entomological Research,Y,1959,https://doi.org/10.1017/S0007485300054547,Male,Field,Dusk,Y,,,-90,N,,,
Ae. aegypti,Aedes,aegypti,Attraction Versus Capture II: Efficiency of the BG-Sentinel Trap Under Semifield Conditions and Characterizing Response Behaviors of Male Aedes aegypti (Diptera: Culicidae),Amos B.A.; Ritchie S.A.; Cardé R.T.,Journal of Medical Entomology,Y,2020,https://doi.org/10.1093/jme/tjaa065,Male,Semi-field,Daylight,N,,,,N,,,
Ae. aegypti,Aedes,aegypti,Swarming mechanisms in the yellow fever mosquito: aggregation pheromones are involved in the mating behavior of Aedes aegypti,"Fawaz E.Y., Allan S.A., Bernier U.R., Obenauer P.J., Diclaro J.W.",Journal of Vector Ecology,Y,2014,https://doi.org/10.1111/jvec.12110.,Male,Lab,Dusk,N,,,,N,,,
Ae. aegypti,Aedes,aegypti,"The Effect of Larval Diet on Adult Survival, Swarming Activity and Copulation Success in Male Aedes aegypti (Diptera: Culicidae)",Lang B.J.; Idugboe S.; McManus K.; Drury F.; Qureshi A.; Cator L..J.,Journal of Medical Entomology,Y,2018,https://doi.org/10.1093/jme/tjx187,Male,Lab,Dusk,N,,,,N,,,
Ae. albopictus,Aedes,albopictus,Swarming and mating of Aedes (S.) albopictus in nature,Gubler D.J. ; Bhattacharya N.C.,Mosquito News,Y,1972,https://www.biodiversitylibrary.org/part/130213,Male,Field,Dawn,Y,20,,,N,,40,0.61
Ae. annulipes,Aedes,annulipes,The swarming habits of some Danish mosquitoes,Nielsen E.T. ; Nielsen H.T. ,Ent. Meddr.,Y,1963,,Male,Field,Dusk,Y,,,,Y,,,
Ae. cantas,Aedes,cantas,Studies on the swarming Habits of Mosquitos and other Nematocera,Nielsen E.T.; Greve H.,Bulletin of Entomological Research,Y,1950,https://doi.org/10.1017/S0007485300027607,Male,Field,Dawn,Y,5,,,N,,,
Ae. cantas,Aedes,cantas,Studies on the swarming Habits of Mosquitos and other Nematocera,Nielsen E.T.; Greve H.,Bulletin of Entomological Research,Y,1950,https://doi.org/10.1017/S0007485300027607,Male,Field,Dusk,Y,20,,,Y,25,300,2
Ae. cantas,Aedes,cantas,The swarming habits of some Danish mosquitoes,Nielsen E.T. ; Nielsen H.T. ,Ent. Meddr.,Y,1963,,Male,Field,Dawn,N,,,,Y,,,
Ae. cantas,Aedes,cantas,The swarming habits of some Danish mosquitoes,Nielsen E.T. ; Nielsen H.T. ,Ent. Meddr.,Y,1963,,Male,Field,Daylight,N,,,,Y,,,
Ae. cantas,Aedes,cantas,The swarming habits of some Danish mosquitoes,Nielsen E.T. ; Nielsen H.T. ,Ent. Meddr.,Y,1963,,Male,Field,Dusk,N,,,,Y,,,
Ae. caspius,Aedes,caspius,Observations on mosquitoes in Iraq ,Nielsen E.T. ; Nielsen H.T. ,Ent. Meddr.,Y,1958,,Male,Field,Dusk,Y,23,,3.5,N,,,
Ae. caspius,Aedes,caspius,Observations on the Swarming and Mating of Some Pakistan Mosquitoes in Nature,Reisen W.K.; Aslam Y.; Siddiqui T.F.,Annals of the Entomological Society of America,Y,1977,https://doi.org/10.1093/aesa/70.6.988,Male,Field,Dusk,Y,,,0,Y,,90,2.5
Ae. caspius,Aedes,caspius,The swarming habits of some Danish mosquitoes,Nielsen E.T. ; Nielsen H.T. ,Ent. Meddr.,Y,1963,,Male,Field,Dusk,Y,,,,Y,,,
Ae. cataphylla,Aedes,cataphylla,The influence of a deep river valley system on the dispersal of Aedes mosquitos,Klassen W.; Hocking B.,Bulletin of Entomological Research,Y,1964,https://doi.org/10.1017/S0007485300049452,Male,Field,Dusk,Y,60,,,N,,100,
Ae. cataphylla,Aedes,cataphylla,The influence of a deep river valley system on the dispersal of Aedes mosquitos,Klassen W.; Hocking B.,Bulletin of Entomological Research,Y,1964,https://doi.org/10.1017/S0007485300049452,Male,Field,Daylight,Y,,,,N,,,
Ae. cataphylla,Aedes,cataphylla,Swarming of blood-sucking mosquitos in regions of northern Siberia and the Far East,Poliakova P.E.,Parazitologiia,Y,1974,https://pubmed.ncbi.nlm.nih.gov/4156396/,Male,Field,Dawn,Y,,,,Y,,,
Ae. cataphylla,Aedes,cataphylla,Swarming of blood-sucking mosquitos in regions of northern Siberia and the Far East,Poliakova P.E.,Parazitologiia,Y,1974,https://pubmed.ncbi.nlm.nih.gov/4156396/,Male,Field,Daylight,Y,,,,Y,,,
Ae. cataphylla,Aedes,cataphylla,Swarming of blood-sucking mosquitos in regions of northern Siberia and the Far East,Poliakova P.E.,Parazitologiia,Y,1974,https://pubmed.ncbi.nlm.nih.gov/4156396/,Male,Field,Dusk,Y,,,,Y,,352.5,
Ae. cataphylla,Aedes,cataphylla,Swarming of blood-sucking mosquitos in regions of northern Siberia and the Far East,Poliakova P.E.,Parazitologiia,Y,1974,https://pubmed.ncbi.nlm.nih.gov/4156396/,Male,Field,Night,Y,,,,Y,,,
Ae. cataphylla,Aedes,cataphylla,"Diurnal swarms of Culex territans Walker, and the crepuscular swarming of Aedes about a small glade in Alaska",Frohne W.C.; Frohne R.G.,Mosquito News,Y,1954,,Male,Field,Dusk,N,,,,N,,30,4.11
Ae. cataphylla,Aedes,cataphylla,The swarming habits of some Danish mosquitoes,Nielsen E.T. ; Nielsen H.T. ,Ent. Meddr.,Y,1963,,Male,Field,Daylight,N,,,,N,,,
Ae. cataphylla,Aedes,cataphylla,The swarming habits of some Danish mosquitoes,Nielsen E.T. ; Nielsen H.T. ,Ent. Meddr.,Y,1963,,Male,Field,Dusk,N,,,,Y,,,
Ae. cinereus,Aedes,cinereus,"The mosquitoes of Burnaby Lake, British Columbia",Belton P.,Journal of the Entomological Society of British Columbia ,Y,1978,https://journal.entsocbc.ca/index.php/journal/article/view/1941,Male,Field,Dusk,Y,60,,0,Y,,100,1
Ae. cinereus,Aedes,cinereus,Swarming of blood-sucking mosquitos in regions of northern Siberia and the Far East,Poliakova P.E.,Parazitologiia,Y,1974,https://pubmed.ncbi.nlm.nih.gov/4156396/,Male,Field,Dusk,N,,,,N,,,
Ae. cinereus,Aedes,cinereus,Swarming of blood-sucking mosquitos in regions of northern Siberia and the Far East,Poliakova P.E.,Parazitologiia,Y,1974,https://pubmed.ncbi.nlm.nih.gov/4156396/,Male,Field,Night,N,,,,Y,,5.5,
Ae. communis,Aedes,communis,On the swarming of mosquitoes of the genus Aedes (Culicidae) in the forest tundra,Nikolaeva N.V.,Parazitologiia,Y,1976,https://pubmed.ncbi.nlm.nih.gov/958723/,Male,Field,Dusk,Y,19.5,,,N,,415,
Ae. communis,Aedes,communis,Swarming and Mating of Univoltine Aedes Mosquitoes in the Laboratory,McDaniel I.N.,Journal of the American Mosquito Control Association,Y,1986,https://pubmed.ncbi.nlm.nih.gov/3507505/,Male,Lab,Dusk,Y,40,,,N,,,
Ae. communis,Aedes,communis,"Diurnal swarms of Culex territans Walker, and the crepuscular swarming of Aedes about a small glade in Alaska",Frohne W.C.; Frohne R.G.,Mosquito News,Y,1954,,Male,Field,Dusk,Y,60,,,N,,107.5,2.74
Ae. communis,Aedes,communis,"Frequency tuning of swarming male mosquitoes (Aedes communis, Culicidae) and its neural mechanisms",Lapshin D.N.; Vorontsov D.D.,Journal of Insect Physiology,Y,2021,https://doi.org/10.1016/j.jinsphys.2021.104233,Male,Field,Dusk,N,,,,N,,,2.5
Ae. communis,Aedes,communis,Study of swarming and mating behaviour in mosquitoes Aedes communis in natural population,Parazitologiia,Parazitologiia,Y,1988,,Male,Field,Dusk,Y,,,,N,,125,
Ae. communis,Aedes,communis,Swarming of blood-sucking mosquitos in regions of northern Siberia and the Far East,Poliakova P.E.,Parazitologiia,Y,1974,https://pubmed.ncbi.nlm.nih.gov/4156396/,Male,Field,Dusk,Y,,,,N,,252.5,
Ae. communis,Aedes,communis,Swarming of blood-sucking mosquitos in regions of northern Siberia and the Far East,Poliakova P.E.,Parazitologiia,Y,1974,https://pubmed.ncbi.nlm.nih.gov/4156396/,Male,Field,Night,Y,,,,N,,,
Ae. detritus,Aedes,detritus,The swarming habits of some Danish mosquitoes,Nielsen E.T. ; Nielsen H.T. ,Ent. Meddr.,Y,1963,,Male,Field,Dusk,N,,,,Y,,,2.5
Ae. diantaeus,Aedes,diantaeus,Acoustic orientation of male Aedes diantaeus during mating,Apasov S.G.; Zhantiev R.D.; Tamarina N.A.; Fedorova M.V.,Parazitologiia,Y,1986,https://pubmed.ncbi.nlm.nih.gov/2947032/,Male,Field,Dusk,N,,,,N,,,0.75
Ae. dorsalis,Aedes,dorsalis,The swarming habits of some Danish mosquitoes,Nielsen E.T. ; Nielsen H.T. ,Ent. Meddr.,Y,1963,,Male,Field,Dusk,N,,,,Y,,,
Ae. excrucians,Aedes,excrucians,"Diurnal swarms of Culex territans Walker, and the crepuscular swarming of Aedes about a small glade in Alaska",Frohne W.C.; Frohne R.G.,Mosquito News,Y,1954,,Male,Field,Dusk,Y,90,,,Y,,100,3.96
Ae. excrucians,Aedes,excrucians,Swarming of blood-sucking mosquitos in regions of northern Siberia and the Far East,Poliakova P.E.,Parazitologiia,Y,1974,https://pubmed.ncbi.nlm.nih.gov/4156396/,Male,Field,Dawn,N,,,,Y,,,
Ae. excrucians,Aedes,excrucians,Swarming of blood-sucking mosquitos in regions of northern Siberia and the Far East,Poliakova P.E.,Parazitologiia,Y,1974,https://pubmed.ncbi.nlm.nih.gov/4156396/,Male,Field,Dusk,N,,,,Y,,,1.25
Ae. excrucians,Aedes,excrucians,Swarming of blood-sucking mosquitos in regions of northern Siberia and the Far East,Poliakova P.E.,Parazitologiia,Y,1974,https://pubmed.ncbi.nlm.nih.gov/4156396/,Male,Field,Night,N,,,,Y,,,
Ae. fitchii,Aedes,fitchii,Swarming of blood-sucking mosquitos in regions of northern Siberia and the Far East,Poliakova P.E.,Parazitologiia,Y,1974,https://pubmed.ncbi.nlm.nih.gov/4156396/,Male,Field,Dusk,N,,,,Y,,,
Ae. fitchii,Aedes,fitchii,Swarming of blood-sucking mosquitos in regions of northern Siberia and the Far East,Poliakova P.E.,Parazitologiia,Y,1974,https://pubmed.ncbi.nlm.nih.gov/4156396/,Male,Field,Night,N,,,,Y,,,
Ae. flavescens,Aedes,flavescens,The swarming habits of some Danish mosquitoes,Nielsen E.T. ; Nielsen H.T. ,Ent. Meddr.,Y,1963,,Male,Field,Dusk,Y,,,,Y,,,
Ae. geniculatus,Aedes,geniculatus,The swarming habits of some Danish mosquitoes,Nielsen E.T. ; Nielsen H.T. ,Ent. Meddr.,Y,1963,,Male,Field,Daylight,N,,,,Y,,,
Ae. geniculatus,Aedes,geniculatus,The swarming habits of some Danish mosquitoes,Nielsen E.T. ; Nielsen H.T. ,Ent. Meddr.,Y,1963,,Male,Field,Dusk,N,,,,Y,,,1.25
Ae. hexodontus,Aedes,hexodontus,Swarming of blood-sucking mosquitos in regions of northern Siberia and the Far East,Poliakova P.E.,Parazitologiia,Y,1974,https://pubmed.ncbi.nlm.nih.gov/4156396/,Male,Field,Dawn,N,,,,Y,,,
Ae. hexodontus,Aedes,hexodontus,Swarming of blood-sucking mosquitos in regions of northern Siberia and the Far East,Poliakova P.E.,Parazitologiia,Y,1974,https://pubmed.ncbi.nlm.nih.gov/4156396/,Male,Field,Dusk,N,,,,Y,,,4.75
Ae. hexodontus,Aedes,hexodontus,Swarming of blood-sucking mosquitos in regions of northern Siberia and the Far East,Poliakova P.E.,Parazitologiia,Y,1974,https://pubmed.ncbi.nlm.nih.gov/4156396/,Male,Field,Night,N,,,,Y,,,
Ae. impiger,Aedes,impiger,Swarming of blood-sucking mosquitos in regions of northern Siberia and the Far East,Poliakova P.E.,Parazitologiia,Y,1974,https://pubmed.ncbi.nlm.nih.gov/4156396/,Male,Field,Daylight,N,,,,Y,,,
Ae. impiger,Aedes,impiger,Swarming of blood-sucking mosquitos in regions of northern Siberia and the Far East,Poliakova P.E.,Parazitologiia,Y,1974,https://pubmed.ncbi.nlm.nih.gov/4156396/,Male,Field,Dusk,N,,,,Y,,15,
Ae. intrudens,Aedes,intrudens,Swarming of blood-sucking mosquitos in regions of northern Siberia and the Far East,Poliakova P.E.,Parazitologiia,Y,1974,https://pubmed.ncbi.nlm.nih.gov/4156396/,Male,Field,Dusk,Y,,,,Y,,60,
Ae. intrudens,Aedes,intrudens,Swarming of blood-sucking mosquitos in regions of northern Siberia and the Far East,Poliakova P.E.,Parazitologiia,Y,1974,https://pubmed.ncbi.nlm.nih.gov/4156396/,Male,Field,Night,Y,,,,Y,,,
Ae. leucomelas,Aedes,leucomelas,Swarming of blood-sucking mosquitos in regions of northern Siberia and the Far East,Poliakova P.E.,Parazitologiia,Y,1974,https://pubmed.ncbi.nlm.nih.gov/4156396/,Male,Field,Dawn,N,,,,Y,,,
Ae. leucomelas,Aedes,leucomelas,Swarming of blood-sucking mosquitos in regions of northern Siberia and the Far East,Poliakova P.E.,Parazitologiia,Y,1974,https://pubmed.ncbi.nlm.nih.gov/4156396/,Male,Field,Daylight,N,,,,Y,,,
Ae. leucomelas,Aedes,leucomelas,Swarming of blood-sucking mosquitos in regions of northern Siberia and the Far East,Poliakova P.E.,Parazitologiia,Y,1974,https://pubmed.ncbi.nlm.nih.gov/4156396/,Male,Field,Dusk,N,,,,Y,,,
Ae. leucomelas,Aedes,leucomelas,Swarming of blood-sucking mosquitos in regions of northern Siberia and the Far East,Poliakova P.E.,Parazitologiia,Y,1974,https://pubmed.ncbi.nlm.nih.gov/4156396/,Male,Field,Night,N,,,,Y,,,
Ae. leucomelas,Aedes,leucomelas,Swarming of blood-sucking mosquitos in regions of northern Siberia and the Far East,Poliakova P.E.,Parazitologiia,Y,1974,https://pubmed.ncbi.nlm.nih.gov/4156396/,Male,Field,Daylight,N,,,,N,,,
Ae. leucomelas,Aedes,leucomelas,Swarming of blood-sucking mosquitos in regions of northern Siberia and the Far East,Poliakova P.E.,Parazitologiia,Y,1974,https://pubmed.ncbi.nlm.nih.gov/4156396/,Male,Field,Dusk,N,,,,N,,,
Ae. leucomelas,Aedes,leucomelas,Swarming of blood-sucking mosquitos in regions of northern Siberia and the Far East,Poliakova P.E.,Parazitologiia,Y,1974,https://pubmed.ncbi.nlm.nih.gov/4156396/,Male,Field,Night,N,,,,N,,,
Ae. leucomelas,Aedes,leucomelas,The swarming habits of some Danish mosquitoes,Nielsen E.T. ; Nielsen H.T. ,Ent. Meddr.,Y,1963,,Male,Field,Dusk,N,,,,Y,,,1.25
Ae. melanimon,Aedes,melanimon,Swarming and mating of some California mosquitoes,Kliewer J.W.; Rosay B.; Miura T.; Myers C.M.; Boreham M.M.,Journal of Medical Entomology,Y,1967,https://doi.org/10.1093/jmedent/4.4.490,Male,Field,Dusk,Y,37.5,,,N,,,
Ae. melanimon,Aedes,melanimon,Swarming and mating of some California mosquitoes,Kliewer J.W.; Rosay B.; Miura T.; Myers C.M.; Boreham M.M.,Journal of Medical Entomology,Y,1967,https://doi.org/10.1093/jmedent/4.4.490,Male,Field,Dawn,Y,56,,,N,,,
Ae. nigripes,Aedes,nigripes,Swarming of blood-sucking mosquitos in regions of northern Siberia and the Far East,Poliakova P.E.,Parazitologiia,Y,1974,https://pubmed.ncbi.nlm.nih.gov/4156396/,Male,Field,Daylight,N,,,,N,,,
Ae. nigripes,Aedes,nigripes,Swarming of blood-sucking mosquitos in regions of northern Siberia and the Far East,Poliakova P.E.,Parazitologiia,Y,1974,https://pubmed.ncbi.nlm.nih.gov/4156396/,Male,Field,Dusk,N,,,,Y,,,
Ae. nigromaculis,Aedes,nigromaculis,Swarming and mating of some California mosquitoes,Kliewer J.W.; Rosay B.; Miura T.; Myers C.M.; Boreham M.M.,Journal of Medical Entomology,Y,1967,https://doi.org/10.1093/jmedent/4.4.490,Male,Field,Dusk,Y,21.7,,,N,,,
Ae. nigromaculis,Aedes,nigromaculis,Swarming and mating of some California mosquitoes,Kliewer J.W.; Rosay B.; Miura T.; Myers C.M.; Boreham M.M.,Journal of Medical Entomology,Y,1967,https://doi.org/10.1093/jmedent/4.4.490,Male,Field,Dawn,Y,34,,,N,,,
Ae. polynesiensis,Aedes,polynesiensis,Swarming behavior of Aedes polynesiensis (Diptera: Culicidae) and characterization of swarm markers in American Samoa,Tuten H.C.; Stone C.M.; Dobson S.L.,Journal of Medical Entomology,Y,2013,https://doi.org/10.1603/me13026,Male,Field,Dusk,Y,,,-120,Y,3.5,,0.5
Ae. provocans,Aedes,provocans,Swarming and Mating in Aedes provocans (Diptera: Culicidae),Smith S.M.; Gadawski R.M.,The Great Lakes Entomologist,Y,1994,https://doi.org/10.22543/0090-0222.1858,Male,Field,Dusk,Y,75,,-74.5,Y,,,8.4
Ae. pullatus,Aedes,pullatus,Swarming of blood-sucking mosquitos in regions of northern Siberia and the Far East,Poliakova P.E.,Parazitologiia,Y,1974,https://pubmed.ncbi.nlm.nih.gov/4156396/,Male,Field,Daylight,N,,,,N,,,
Ae. pullatus,Aedes,pullatus,Swarming of blood-sucking mosquitos in regions of northern Siberia and the Far East,Poliakova P.E.,Parazitologiia,Y,1974,https://pubmed.ncbi.nlm.nih.gov/4156396/,Male,Field,Dusk,N,,,,N,,55,
Ae. punctor,Aedes,punctor,"Mating swarms of males of the mosquito, Aedes punctor (Kirby), in Alaska",Frohne W.C.; Frohne R.G.,Mosquito News,Y,1952,https://www.biodiversitylibrary.org/content/part/JAMCA/MN_V12_N4_P248-251.pdf,Male,Field,Dusk,Y,120,,,N,,538,
Ae. punctor,Aedes,punctor,The swarming habits of some Danish mosquitoes,Nielsen E.T. ; Nielsen H.T. ,Ent. Meddr.,Y,1963,,Male,Field,Dusk,N,,,,Y,,,
Ae. rusticus,Aedes,rusticus,The swarming habits of some Danish mosquitoes,Nielsen E.T. ; Nielsen H.T. ,Ent. Meddr.,Y,1963,,Male,Field,Dusk,Y,,,,Y,,,1.75
Ae. stimulans,Aedes,stimulans,Swarming and Mating of Univoltine Aedes Mosquitoes in the Laboratory,McDaniel I.N.,Journal of the American Mosquito Control Association,Y,1986,https://pubmed.ncbi.nlm.nih.gov/3507505/,Male,Lab,Dusk,Y,40,,,N,,,
Ae. stimulans,Aedes,stimulans,Swarming and Mating of Univoltine Aedes Mosquitoes in the Laboratory,McDaniel I.N.,Journal of the American Mosquito Control Association,Y,1986,https://pubmed.ncbi.nlm.nih.gov/3507505/,Male,Lab,Daylight,Y,,,,N,,,
Ae. taeniorhynchus,Aedes,taeniorhynchus,Field Observations on the Habits of Aedes Taeniorhynchus,Nielsen E.T. ; Nielsen A.T. ,Ecology,Y,1953,https://doi.org/10.2307/1930314,Male,Field,Dusk,N,28,,18,N,,55,2.5
Ae. taeniorhynchus,Aedes,taeniorhynchus,Acoustical detection of Aedes taeniorhynchus swarms and emergence exoduses in remote salt marshes,Mankin R.W.,Journal of the American Mosquito Control Association,Y,1994,https://pubmed.ncbi.nlm.nih.gov/8965083/,Male,Lab,Dusk,N,75,,,N,,,
Ae. taeniorhynchus,Aedes,taeniorhynchus,Acoustical detection of Aedes taeniorhynchus swarms and emergence exoduses in remote salt marshes,Mankin R.W.,Journal of the American Mosquito Control Association,Y,1994,https://www.biodiversitylibrary.org/content/part/JAMCA/JAMCA_V10_N2_P302-308.pdf,Male,Field,Dusk,N,,,35,N,,,
Ae. taeniorhynchus,Aedes,taeniorhynchus,SWARMING OF MOSQUITOES. Laboratory Experiments Under Controlled Conditions,Nielsen H.T. ; Nielsen E.T. ,Entomological Experiments and Applications,Y,1962,https://doi.org/10.1111/j.1570-7458.1962.tb00561.x,Male,Lab,Dawn,N,,,,N,,,
Ae. taeniorhynchus,Aedes,taeniorhynchus,SWARMING OF MOSQUITOES. Laboratory Experiments Under Controlled Conditions,Nielsen H.T. ; Nielsen E.T. ,Entomological Experiments and Applications,Y,1962,https://doi.org/10.1111/j.1570-7458.1962.tb00561.x,Male,Lab,Dusk,N,,,,N,,,
Ae. triseriatus,Aedes,triseriatus,Sexual Behavior Maturation in Male Aedes Triseriatus (Diptera: Culicidae): A Re-Examination,Foster W.A.; Lea A.O.,Journal of Medical Entomology,Y,1975,https://doi.org/10.1093/jmedent/12.4.459,Male,Lab,Dusk,Y,55,,,N,,,
Ae. triseriatus,Aedes,triseriatus,Field observations on the biology of Aedes triseriatus,Nielsen E.T. ; Nielsen A.T. ,Ecology,Y,1953,,Male,Field,Dusk,Y,75,,-90,Y,,,2.29
Ae. triseriatus,Aedes,triseriatus,Swarming and Mating Behavior in Laboratory Colonies of Aedes triseriatus (Diptera: Culicidae),Wright J.E.; Kappus K.D.; Venard C.E.,Annals of the Entomological Society of America,Y,1966,https://doi.org/10.1093/aesa/59.6.1110,Male,Lab,Dusk,Y,,,,N,,,
Ae. ventrovittis,Aedes,ventrovittis,Swarming and mating of some California mosquitoes,Kliewer J.W.; Rosay B.; Miura T.; Myers C.M.; Boreham M.M.,Journal of Medical Entomology,Y,1967,https://doi.org/10.1093/jmedent/4.4.490,Male,Field,Daylight,N,,,,N,,,
An. albimanus,Anopheles,albimanus,Precopulatory acoustic interactions of the New World malaria vector Anopheles albimanus (Diptera: Culicidae),Pantoja-Sánchez H.; Gomez S.; Velez V.; Avila F.W.; Alfonso-Parra C.,Parasites & Vectors,Y,2019,https://doi.org/10.1186/s13071-019-3648-8,Male,Lab,Dusk,N,,,,N,,,
An. annularis,Anopheles,annularis,Observations on the Swarming and Mating of Some Pakistan Mosquitoes in Nature,Reisen W.K.; Aslam Y.; Siddiqui T.F.,Annals of the Entomological Society of America,Y,1977,https://doi.org/10.1093/aesa/70.6.988,Male,Field,Dusk,Y,,,-10,Y,,27.5,3
An. arabiensis,Anopheles,arabiensis,Anopheles gambiae s.l. swarms trapping as a complementary tool against residual malaria transmission in eastern Gambia,Assogba B.S.; Sillah S.; Opondo K.O.; Cham S.T.; Camara M.M.; Jadama L.; Camara L.; Ndiaye A.; Wathuo M.; Jawara M.; Diabaté A.; Achan J.; D’Alessandro U.,Scientific Reports,Y,2022,https://doi.org/10.1038/s41598-022-21577-7,Male,Field,Dusk,N,8.03,,5,Y,,57.64 ,1.7
An. arabiensis,Anopheles,arabiensis,"New evidence of mating swarms of the malaria vector, Anopheles arabiensis in Tanzania",Kaindoa E.W.; Ngowo H.S.; Limwagu A.; Mkandawile G.; Kihonda J.; Masalu J.P.; Bwanary H.; Diabate A.; Okumu F.O.,Wellcome Open Research,Y,2017,https://doi.org/10.12688/wellcomeopenres.12458.1,Male,Field,Dusk,Y,20,,0,Y,56,100,2.74
An. arabiensis,Anopheles,arabiensis,Field observations on swarming and mating in Anopheles gambiae mosquitoes in Tanzania,Marchand M.P.,Netherlands Journal of Zoology,Y,1983,https://doi.org/10.1163/002829684X00209,Male,Field,Dusk,Y,20,,10,Y,,,1.25
An. arabiensis,Anopheles,arabiensis,"Ecology of reproduction of Anopheles arabiensis in an urban area of Bobo-Dioulasso, Burkina Faso (West Africa): Monthly swarming and mating frequency and their relation to environmental factors",Somda N.S.B.; Poda B.S.; Sawadogo P.S.; Gnankiné O.; Maiga H.; Fournet F.; Lees R.S.; Bouyer J.; Gilles J.; Sanon A.; Diabaté A.; Dabiré K.R.,PLoS ONE,Y,2018,https://doi.org/10.1371/journal.pone.0205966,Male,Field,Dusk,Y,28.31,,0,Y,,118.55,
An. arabiensis,Anopheles,arabiensis,"Occurrence of natural Anopheles arabiensis swarms in an urban area of Bobo-Dioulasso city, Burkina Faso, West Africa",Dabiré K.R.; Sawadogo P.S.; Hien D.F.; Bimbilé-Somda N.S.; Soma D.D.; Millogo A.; Baldet T.; Gouagna L.C.; Simard F.; Lefèvre T.; Diabaté A.; Lees R.S.; Gilles J.R.L.,Acta Tropica,Y,2014,https://doi.org/10.1016/j.actatropica.2013.12.012,Male,Field,Dusk,N,,,,Y,65,107,2.88
An. arabiensis,Anopheles,arabiensis,Male swarming aggregation pheromones increase female attraction and mating success among multiple African malaria vector mosquito species,Moz?raitis R.; Hajkazemian M.; Zawada J.W.; Szymczak J.; Pålsson K.; Sekar V.; Biryukova I.; Friedländer M.R.; Koekemoer L.L.; Baird J.K.; Borg-Karlson A; Emami S.N.,Nature Ecology & Evolution,Y,2020,https://doi.org/10.1038/s41559-020-1264-9,Male,Lab,Dusk,N,,,,N,,,
An. arabiensis,Anopheles,arabiensis,Male swarming aggregation pheromones increase female attraction and mating success among multiple African malaria vector mosquito species,Moz?raitis R.; Hajkazemian M.; Zawada J.W.; Szymczak J.; Pålsson K.; Sekar V.; Biryukova I.; Friedländer M.R.; Koekemoer L.L.; Baird J.K.; Borg-Karlson A; Emami S.N.,Nature Ecology & Evolution,Y,2020,https://doi.org/10.1038/s41559-020-1264-9,Male,Semi-field,Dusk,N,,,,N,,,
An. arabiensis,Anopheles,arabiensis,A new cage for observing mating behavior of wild Anopheles gambiae in the laboratory,Marchand M.P.,Journal of the American Mosquito Control Association,Y,1985,https://pubmed.ncbi.nlm.nih.gov/3880236/,Male,Lab,Dusk,N,,,8,N,,,
An. arabiensis,Anopheles,arabiensis,Characterization of the swarming behavior of Anopheles coluzzii and Anopheles gambiae (Diptera: Culicidae) populations in a hybrid zone of Senegal.,"Gueye O.K., Niang A., Faye M.B., Dia A.K., Ahmed A.A., Sy O., Tripet F., Konaté L., Dia I., Wondji C.S., Gaye O., Faye O., Diabate A., Niang E.H.A.",Journal of Medical Entomology,Y,2023,https://doi.org/10.1093/jme/tjad120,Male,Field,Dusk,Y,,,,Y,4,,
An. claviger,Anopheles,claviger,Laboratory observations on the sexual behavior of anopheline mosquitoes,Bates M.,Journal of Experimental Zoology,Y,1941,https://doi.org/10.1002/jez.1400860202,Male,Lab,Dusk,N,,,,N,,,
An. claviger,Anopheles,claviger,The swarming habits of some Danish mosquitoes,Nielsen E.T. ; Nielsen H.T. ,Ent. Meddr.,Y,1963,,Male,Field,Dusk,N,,,,Y,,,
An. coluzzii,Anopheles,coluzzii,Characterization of the swarming behavior of Anopheles coluzzii and Anopheles gambiae (Diptera: Culicidae) populations in a hybrid zone of Senegal.,"Gueye O.K., Niang A., Faye M.B., Dia A.K., Ahmed A.A., Sy O., Tripet F., Konaté L., Dia I., Wondji C.S., Gaye O., Faye O., Diabate A., Niang E.H.A.",Journal of Medical Entomology,Y,2023,https://doi.org/10.1093/jme/tjad120,Male,Field,Dusk,Y,8.9,,5.5,Y,6,21,1.9
An. coluzzii,Anopheles,coluzzii,Characterization of the swarming behavior of Anopheles coluzzii and Anopheles gambiae (Diptera: Culicidae) populations in a hybrid zone of Senegal.,"Gueye O.K., Niang A., Faye M.B., Dia A.K., Ahmed A.A., Sy O., Tripet F., Konaté L., Dia I., Wondji C.S., Gaye O., Faye O., Diabate A., Niang E.H.A.",Journal of Medical Entomology,Y,2023,https://doi.org/10.1093/jme/tjad120,Male,Field,Dusk,N,9.75,,5,Y,,16,1.62
An. coluzzii,Anopheles,coluzzii,Anopheles gambiae s.l. swarms trapping as a complementary tool against residual malaria transmission in eastern Gambia,Assogba B.S.; Sillah S.; Opondo K.O.; Cham S.T.; Camara M.M.; Jadama L.; Camara L.; Ndiaye A.; Wathuo M.; Jawara M.; Diabaté A.; Achan J.; D’Alessandro U.,Scientific Reports,Y,2022,https://doi.org/10.1038/s41598-022-21577-7,Male,Field,Dusk,N,10.2,,5,Y,,61.34 ,1.2
An. coluzzii,Anopheles,coluzzii,"Assortative mating in mixed swarms of the mosquito Anopheles gambiae s.s. M and S molecular forms, in Burkina Faso, West Africa",Dabire K.R.; Sawadodgo S.; Diabate A.; Toe K.H.; Kengne P.; Ouari A.; Costantini C.; Gouagna C.; Simard F.; Baldet T.; Lehmann T.; Gibson G.,Medical and Vetinary Entomology,Y,2013,https://doi.org/10.1111/j.1365-2915.2012.01049.x,Male,Field,Dusk,Y,20,,,Y,30,,
An. coluzzii,Anopheles,coluzzii,"Differences in timing of mating swarms in sympatric populations of Anopheles coluzzii and Anopheles gambiae s.s. (formerly An. gambiae M and S molecular forms) in Burkina Faso, West Africa",Sawadogo S.P.; Costantini C.; Pennetier C.; Diabaté A.; Gibson G.; Dabiré R.K.,Parasites & Vectors,Y,2013,https://doi.org/10.1186/1756-3305-6-275,Male,Field,Dusk,N,21.39,,6.76,Y,30,,0.5
An. coluzzii,Anopheles,coluzzii,No evidence for long-range male sex pheromones in two malaria mosquitoes,Poda S.B.; Buatois B.; Lapeyre B.; Dormont L.; Diabaté A.; Gnankiné O.; Dabiré R.K.; Roux O.,Nature Ecology & Evolution,Y,2022,https://doi.org/10.1038/s41559-022-01869-x,Male,Field,Dusk,N,22.5,,,N,,1000,3
An. coluzzii,Anopheles,coluzzii,"Comparison of swarming, mating performance and longevity of males Anopheles coluzzii between individuals fed with different natural fruit juices in laboratory and semi-field conditions",Nignan C.; Niang A.; Maïga H.; Sawadogo S.P.; Poda B.S.; Gnankine O.; Dabiré K.R.; Tripet F.; Diabaté A.,Malaria Journal,Y,2020,https://doi.org/10.1186/s12936-020-03248-y,Male,Semi-field,Dusk,Y,22.54,,15,N,,,
An. coluzzii,Anopheles,coluzzii,Natural swarming behaviour of the molecular M form of Anopheles gambiae,Diabate A.; Baldet T.; Brengues C.; Kengne P.; Dabire K.R.; Simard F.; Chandre F.; Hougard J.M.; Hemingway J.; Ouedraogo J.B.; Fontenille D.,Transactions of the Royal Society of Tropical Medicine and Hygiene,Y,2003,https://doi.org/10.1016/s0035-9203(03)80110-4,Male,Field,Dusk,N,25,,7.5,Y,135,,2.5
An. coluzzii,Anopheles,coluzzii,"Clock genes and environmental cues coordinate Anopheles pheromone synthesis, swarming, and mating",Wang G.; Vega-Rodríguez J.; Diabate A.; Liu J.; Cui C.; Nignan C.; Dong L.; Li F.; Ouedrago C.O.; Bandaogo A.M.; Sawadogo P.S.; Maiga H.; Silva T.L.A.E.; Pascini T.V.; Wang S.; Jacobs-Lorena M.,Science,Y,2021,https://doi.org/10.1126/science.abd435,Male,Semi-field,Dusk,Y,40,,,N,,,2.5
An. coluzzii,Anopheles,coluzzii,Perfect association between spatial swarm segregation and the X-chromosome speciation island in hybridizing Anopheles coluzzii and Anopheles gambiae populations,Niang A.; Maïga H.; Sawadogo S.P.; Konaté L.; Faye O.; Lee Y.; Dabiré R.K.; Diabaté A.; Tripet F.,Scientific Reports,Y,2022,https://doi.org/10.1038/s41598-022-14865-9,Male,Field,Dusk,Y,,,,Y,,,
An. coluzzii,Anopheles,coluzzii,Sex aggregation and species segregation cues in swarming mosquitoes: role of ground visual markers,Poda S.B.; Nignan C.; Gnankiné O.; Dabiré R.K.; Diabaté A.; Roux O.,Parasites & Vectors,Y,2019,https://doi.org/10.1186/s13071-019-3845-5,Male,Lab,Dusk,N,,,,N,,,
An. coluzzii,Anopheles,coluzzii,Sex aggregation and species segregation cues in swarming mosquitoes: role of ground visual markers,Poda S.B.; Nignan C.; Gnankiné O.; Dabiré R.K.; Diabaté A.; Roux O.,Parasites & Vectors,Y,2019,https://doi.org/10.1186/s13071-019-3845-5,Male,Semi-field,Dusk,N,,,,N,,,1.4
An. coluzzii,Anopheles,coluzzii,Semi-field and indoor setups to study malaria mosquito swarming behavior,Niang A.; Nignan C.; Poda B.S.; Sawadogo S.P.; Dabiré K.R.; Gnankiné O.;Tripet F.; Roux O.; Diabaté A.,Parasites & Vectors,Y,2019,https://doi.org/10.1186/s13071-019-3688-0,Male,Semi-field,Dusk,N,,,,N,,,2.8
An. coluzzii,Anopheles,coluzzii,Semi-field and indoor setups to study malaria mosquito swarming behavior,Niang A.; Nignan C.; Poda B.S.; Sawadogo S.P.; Dabiré K.R.; Gnankiné O.;Tripet F.; Roux O.; Diabaté A.,Parasites & Vectors,Y,2019,https://doi.org/10.1186/s13071-019-3688-0,Male,Lab,Dusk,N,,,2,N,,,1.1
An. coluzzii,Anopheles,coluzzii,Characterization of swarming and mating behaviour between Anopheles coluzzii and Anopheles melas in a sympatry area of Benin,Assogba B.S.; Djogbénou L.; Saizonou J.; Diabaté A.; Dabiré R.K.; Moiroux N.; Gilles J.R.L.; Makoutodé M.; Baldet T.,Acta Tropica,Y,2014,https://doi.org/10.1016/j.actatropica.2013.09.006,Male,Field,Dusk,Y,,,20,Y,173,,1.5
An. coluzzii,Anopheles,coluzzii,Mosquito sound communication: are male swarms loud enough to attract females?,Feugère L.; Gibson G.; Manoukis N.C.; Roux O.,Journal of the Royal Society Interface,Y,2021,https://doi.org/10.1098/rsif.2021.0121,Male,Field,Dusk,N,,,,N,,1000,3
An. coluzzii,Anopheles,coluzzii,"Clock genes and environmental cues coordinate Anopheles pheromone synthesis, swarming, and mating",Wang G.; Vega-Rodríguez J.; Diabate A.; Liu J.; Cui C.; Nignan C.; Dong L.; Li F.; Ouedrago C.O.; Bandaogo A.M.; Sawadogo P.S.; Maiga H.; Silva T.L.A.E.; Pascini T.V.; Wang S.; Jacobs-Lorena M.,Science,Y,2021,https://doi.org/10.1126/science.abd435,Male,Field,Dusk,N,,,,N,,,
An. coluzzii,Anopheles,coluzzii,Does extreme asymmetric dominance promote hybridization between Anopheles coluzzii and Anopheles gambiae s.s. in seasonal malaria mosquito communities of West Africa?,Niang A.; Epopa P.S.; Sawadogo S.P.; Maïga H.; Konaté L.; Faye O.; Dabiré R.K.; Tripet F.; Diabaté A.,Parasites & Vectors,Y,2015,https://doi.org/10.1186/s13071-015-1190-x,Male,Field,Dusk,Y,,,,Y,,,
An. coluzzii,Anopheles,coluzzii,Behavioural analysis of swarming mosquitoes reveals high hearing sensitivity in Anopheles coluzzii,Feugère L.; Olivier Roux O.; Gibson G.,Journal of Experimental Biology,Y,2022,https://doi.org/10.1242/jeb.243535,Male,Lab,Dusk,N,,,,N,,,
An. coluzzii,Anopheles,coluzzii,"Swarming behaviour in natural populations of Anopheles gambiae and An. coluzzii: Review of 4 years survey in rural areas of sympatry, Burkina Faso (West Africa)",Sawadogo P.S.; Namountougou M.; Toé K.H.; Rouamba J.; Maïga H.; Ouédraogo K.R.; Baldet T.; Gouagna L.C.; Kengne P.; Simard F.; Costantini C.; Gibson G.; Diabaté A.; Lees R.S.; Gilles J.R.L.; Dabiré K.R.,Acta Tropica,Y,2014,https://doi.org/10.1016/j.actatropica.2013.12.011,Male,Field,Dusk,Y,,,6.76,Y,,750,1.75
An. coluzzii,Anopheles,coluzzii,No evidence for long-range male sex pheromones in two malaria mosquitoes,Poda S.B.; Buatois B.; Lapeyre B.; Dormont L.; Diabaté A.; Gnankiné O.; Dabiré R.K.; Roux O.,Nature Ecology & Evolution,Y,2022,https://doi.org/10.1038/s41559-022-01869-x,Male,Lab,Dusk,N,,,,N,,,
An. coustani,Anopheles,coustani,Real-time dispersal of malaria vectors in rural Africa monitored with lidar,Jansson S.; Malmqvist E.; Mlacha Y.; Ignell R.; Okumu F.; Killeen G.; Kirkeby C.; Brydegaard M.,PLoS ONE,Y,2021,https://doi.org/10.1371/journal.pone.0247803,Male,Field,Dawn,Y,70,-15,,N,,,
An. coustani,Anopheles,coustani,Real-time dispersal of malaria vectors in rural Africa monitored with lidar,Jansson S.; Malmqvist E.; Mlacha Y.; Ignell R.; Okumu F.; Killeen G.; Kirkeby C.; Brydegaard M.,PLoS ONE,Y,2021,https://doi.org/10.1371/journal.pone.0247803,Male,Field,Dusk,Y,80,,15,N,,,
An. culicifacies,Anopheles,culicifacies,Observations on the swarming and mating behaviour of Anopheles culicifacies Giles in nature,Reisen W.K.; Aslamkhan M.,Bulletin of the World Health Organization,Y,1976,,Male,Field,Dusk,Y,42,,-20.9,Y,22,,2.5
An. culicifacies,Anopheles,culicifacies,Laboratory observations on the time of mating of Anopheles culicifacies Giles. ,Reisen W.K.; Mahmood F.; Parveen T.,Mosquito News,Y,1979,,Male,Lab,Dusk,Y,,,,N,,,
An. culicifacies,Anopheles,culicifacies,Observations on the Swarming and Mating of Some Pakistan Mosquitoes in Nature,Reisen W.K.; Aslam Y.; Siddiqui T.F.,Annals of the Entomological Society of America,Y,1977,https://doi.org/10.1093/aesa/70.6.988,Male,Field,Dusk,Y,,,,Y,,1508,2
An. culicifacies,Anopheles,culicifacies,"On the Swarming Mating, and Ovipositing Behavior of Anopheles culicifacies",Russell P.F.; Rao T.R.,American Journal of Tropical Medicine and Hygiene,Y,1942,https://doi.org/10.4269/ajtmh.1942.s1-22.417,Male,Semi-field,Dusk,Y,,,,N,,100,
An. franciscanus,Anopheles,franciscanus,Preliminary field observations on the behaviour of the adults of Anopheles franciscanus McCracken in southern California ,Belkin J.N.; Ehmann N.; Heid G. ,Mosquito News,Y,1951,https://www.biodiversitylibrary.org/content/part/JAMCA/MN_V11_N1_P023-031.pdf,Male,Field,Dusk,Y,25,,,Y,2341,5000,12.78
An. freeborni,Anopheles,freeborni,Energy budget of swarming male mosquitoes,Yuval B.; Holliday-Hanson M.L.; Washino R.K.,Ecological Entomology,Y,1994,,Male,Field,Dusk,N,20,,,Y,,,
An. freeborni,Anopheles,freeborni,Temporal dynamics of mating and predation in mosquito swarms,Yuval B.; Bouskila A.,Oecologia,Y,1993,https://doi.org/10.1007/BF00649508,Male,Field,Dusk,Y,32.5,,7.5,N,,1750,
An. freeborni,Anopheles,freeborni,Effect of body size on swarming behavior and mating success of male Anopheles freeborni (Diptera: Culicidae).,Yuval B.; Wekesa J.W.; Washino R.K.,Journal of Insect Physiology,Y,1993,https://doi.org/10.1007/BF01048114,Male,Field,Dusk,Y,32.5,,7.5,Y,66,1000,
An. funestus,Anopheles,funestus,Swarms of the malaria vector Anopheles funestus in Tanzania,Kaindoa E.W.; Ngowo H.S.; Limwagu A.J.; Tchouakui M.; Hape E.; Abbasi S.; Kihonda J.; Mmbando A.S.; Njalambaha R.M.; Mkandawile G.; Bwanary H.; Coetzee M.; Okumu F.O.,Malaria Journal,Y,2019,https://doi.org/10.1186/s12936-019-2660-y,Male,Field,Dusk,Y,12,,,Y,9,,1.7
An. funestus,Anopheles,funestus,Real-time dispersal of malaria vectors in rural Africa monitored with lidar,Jansson S.; Malmqvist E.; Mlacha Y.; Ignell R.; Okumu F.; Killeen G.; Kirkeby C.; Brydegaard M.,PLoS ONE,Y,2021,https://doi.org/10.1371/journal.pone.0247803,Male,Field,Dawn,Y,70,-15,,N,,,
An. funestus,Anopheles,funestus,Real-time dispersal of malaria vectors in rural Africa monitored with lidar,Jansson S.; Malmqvist E.; Mlacha Y.; Ignell R.; Okumu F.; Killeen G.; Kirkeby C.; Brydegaard M.,PLoS ONE,Y,2021,https://doi.org/10.1371/journal.pone.0247803,Male,Field,Dusk,Y,80,,15,N,,,
An. funestus,Anopheles,funestus,"Molecular and physiological analysis of Anopheles funestus swarms in Nchelenge, Zambia",Zawada J.W.; Dahan-Moss Y.L.; Muleba M.; Dabire R.K.; Maïga H.; Venter N.; Davies C.; Hunt R.H.; Coetzee M.; Koekemoer L.L.,Malaria Journal,Y,2018,https://doi.org/10.1186/s12936-018-2196-6,Male,Field,Dusk,N,,,,Y,25,,2
An. funestus,Anopheles,funestus,Observations on the swarming and mating behaviour of Anopheles funestus from southern Mozambique,JD Charlwood J.D.; Thompson R.; Madsen H.,Malaria Journal,Y,2003,https://doi.org/10.1186/1475-2875-2-2,Male,Field,Dusk,Y,,,,Y,46,,3
An. gambiae,Anopheles,gambiae,Characterization of the swarming behavior of Anopheles coluzzii and Anopheles gambiae (Diptera: Culicidae) populations in a hybrid zone of Senegal.,"Gueye O.K., Niang A., Faye M.B., Dia A.K., Ahmed A.A., Sy O., Tripet F., Konaté L., Dia I., Wondji C.S., Gaye O., Faye O., Diabate A., Niang E.H.A.",Journal of Medical Entomology,Y,2023,https://doi.org/10.1093/jme/tjad120,Male,Field,Dusk,Y,9.7,,5.5,Y,22,36,1.025
An. gambiae,Anopheles,gambiae,Anopheles gambiae s.l. swarms trapping as a complementary tool against residual malaria transmission in eastern Gambia,Assogba B.S.; Sillah S.; Opondo K.O.; Cham S.T.; Camara M.M.; Jadama L.; Camara L.; Ndiaye A.; Wathuo M.; Jawara M.; Diabaté A.; Achan J.; D’Alessandro U.,Scientific Reports,Y,2022,https://doi.org/10.1038/s41598-022-21577-7,Male,Field,Dusk,N,10.6,,5,Y,,68 ,1.1
An. gambiae,Anopheles,gambiae,Characterization of the swarming behavior of Anopheles coluzzii and Anopheles gambiae (Diptera: Culicidae) populations in a hybrid zone of Senegal.,"Gueye O.K., Niang A., Faye M.B., Dia A.K., Ahmed A.A., Sy O., Tripet F., Konaté L., Dia I., Wondji C.S., Gaye O., Faye O., Diabate A., Niang E.H.A.",Journal of Medical Entomology,Y,2023,https://doi.org/10.1093/jme/tjad120,Male,Field,Dusk,Y,11,,5,Y,,36,1.8
An. gambiae,Anopheles,gambiae,Studies on the breeding swarms of Anopheles gambiae complex in malaria control perspective,Assogba B.S.; Djogbenou L.S.; Dabiré R.K.; Diabaté A.; Baldet T.,Malaria Journal,Y,2010,https://doi.org/10.1186/1475-2875-9-S2-O1,Male,Field,Dusk,Y,15,,,N,,100,0.8
An. gambiae,Anopheles,gambiae,"Assortative mating in mixed swarms of the mosquito Anopheles gambiae s.s. M and S molecular forms, in Burkina Faso, West Africa",Dabire K.R.; Sawadodgo S.; Diabate A.; Toe K.H.; Kengne P.; Ouari A.; Costantini C.; Gouagna C.; Simard F.; Baldet T.; Lehmann T.; Gibson G.,Medical and Vetinary Entomology,Y,2013,https://doi.org/10.1111/j.1365-2915.2012.01049.x,Male,Field,Dusk,Y,20,,,Y,30,,
An. gambiae,Anopheles,gambiae,Field observations on swarming and mating in Anopheles gambiae mosquitoes in Tanzania,Marchand M.P.,Netherlands Journal of Zoology,Y,1983,https://doi.org/10.1163/002829684X00209,Male,Field,Dusk,Y,20,,10,Y,,75,1.25
An. gambiae,Anopheles,gambiae,Reconstructing the flight kinematics of swarming and mating in wild mosquitoes.,Butail S.; Manoukis N.; Diallo M.; Ribeiro J.M.; Lehmann T.; Paley D.A.,Journal of the Royal Society Interface,Y,2012,https://doi.org/10.1098/rsif.2012.0150,Male,Field,Dusk,Y,20,,20,N,,,
An. gambiae,Anopheles,gambiae,Spatial distribution and male mating success of Anopheles gambiae swarms,Diabaté A.; Yaro A.S.; Dao A.; Diallo M.; Huestis D.L.; Lehmann T.,BMC Evolutionary Biology,Y,2011,https://doi.org/10.1186/1471-2148-11-184,Male,Field,Dusk,Y,27.5,,5,Y,,180,2
An. gambiae,Anopheles,gambiae,Spatial swarm segregation and reproductive isolation between the molecular forms of Anopheles gambiae,Diabaté A.; Dao A.; Yaro A.S.; Adamou A.; Gonzalez R.; Manoukis N.C.; Traoré S.F.; Gwadz R.W.; Lehmann T.,Proceedings Biological Sciences,Y,2009,https://doi.org/10.1098/rspb.2009.1167,Male,Field,Dusk,Y,30,,3.5,Y,13,100,1.75
An. gambiae,Anopheles,gambiae,Hitting the right note at the right time: Circadian control of audibility in Anopheles mosquito mating swarms is mediated by flight tones,"Somers, J.; Georgiades, M.; Su, M.P.; Bagi, J.; Andrés, M.; Alampounti, A.; Mills, G.; Ntabaliba, W.; Moore, S.J.; Spaccapelo, R.; Albert, J.T.;",Science Advances,Y,2022,https://doi.org/10.1126/sciadv.abl4844,Male,Lab,Dusk,N,30,,,N,,,
An. gambiae,Anopheles,gambiae,Comparison of entomological impacts of two methods of intervention designed to control Anopheles gambiae s.l. via swarm killing in Western Burkina Faso,Sawadogo S.P.; Niang A.; Wu S.L.; Millogo A.A.; Bonds J.; Latham M.; Dabiré R.K.; Tatarsky A.; Tripet F.; Diabaté A.,Scientific Reports,Y,2022,https://doi.org/10.1038/s41598-022-16649-7,Male,Field,Dusk,N,30,,,N,,,
An. gambiae,Anopheles,gambiae,Finding a Husband: Using Explainable AI to Define Male Mosquito Flight Differences,Qureshi Y.M.; Voloshin V.; Facchinelli L.; McCall P.J.; Chervova O.; Towers C.E.; Covington J.A.; Towers D.P.,Biology,Y,2023,https://doi.org/10.3390/biology12040496,Male,Field,Dusk,Y,30,,20,N,,,
An. gambiae,Anopheles,gambiae,Swarming and Mating Activity of Anopheles gambiae Mosquitoes in Semi-Field Enclosures,Achinko D.; Thailayil J.; Paton D.; Mireji P.O.; Talesa V.; Masiga D.; Catteruccia F.,Medical and Vetinary Entomology,Y,2016,https://doi.org/10.1111/mve.12143,Male,Semi-field,Dusk,Y,31,,15,Y,,,3.8
An. gambiae,Anopheles,gambiae,Characterization of lab-based swarms of Anopheles gambiae mosquitoes using 3D-video tracking,Cavagna A.; Giardina I.; Gucciardino M.A.; Iacomelli G.; Lombardi M.; Melillo S.; Monacchia G.; Parisi L.; Peirce M.J.; Spaccapelo R.,Scientific Reports,Y,2023,https://doi.org/10.1038/s41598-023-34842-0,Male,Semi-field,Dusk,Y,35,,5,N,,,
An. gambiae,Anopheles,gambiae,Sexual selection in mosquito swarms: may the best man lose?,Ng'habi K.R.; Huho B.J.; Nkwengulila G.; Killeen G.F.; Knols B.G.J.; Ferguson H.M.,Animal Behavior,Y,2008,https://doi.org/10.1016/j.anbehav.2008.01.014,Male,Lab,Dusk,Y,42.5,,-17.5,N,,,
An. gambiae,Anopheles,gambiae,Real-time dispersal of malaria vectors in rural Africa monitored with lidar,Jansson S.; Malmqvist E.; Mlacha Y.; Ignell R.; Okumu F.; Killeen G.; Kirkeby C.; Brydegaard M.,PLoS ONE,Y,2021,https://doi.org/10.1371/journal.pone.0247803,Male,Field,Dawn,Y,70,-15,,N,,,
An. gambiae,Anopheles,gambiae,Real-time dispersal of malaria vectors in rural Africa monitored with lidar,Jansson S.; Malmqvist E.; Mlacha Y.; Ignell R.; Okumu F.; Killeen G.; Kirkeby C.; Brydegaard M.,PLoS ONE,Y,2021,https://doi.org/10.1371/journal.pone.0247803,Male,Field,Dusk,Y,80,,15,N,,,
An. gambiae,Anopheles,gambiae,"Differences in timing of mating swarms in sympatric populations of Anopheles coluzzii and Anopheles gambiae s.s. (formerly An. gambiae M and S molecular forms) in Burkina Faso, West Africa",Sawadogo S.P.; Costantini C.; Pennetier C.; Diabaté A.; Gibson G.; Dabiré R.K.,Parasites & Vectors,Y,2013,https://doi.org/10.1186/1756-3305-6-275,Male,Field,Dusk,N,23.37,,3.41,Y,30,,0.5
An. gambiae,Anopheles,gambiae,Sex aggregation and species segregation cues in swarming mosquitoes: role of ground visual markers,Poda S.B.; Nignan C.; Gnankiné O.; Dabiré R.K.; Diabaté A.; Roux O.,Parasites & Vectors,Y,2019,https://doi.org/10.1186/s13071-019-3845-5,Male,Lab,Dusk,N,,,,N,,,
An. gambiae,Anopheles,gambiae,Sex aggregation and species segregation cues in swarming mosquitoes: role of ground visual markers,Poda S.B.; Nignan C.; Gnankiné O.; Dabiré R.K.; Diabaté A.; Roux O.,Parasites & Vectors,Y,2019,https://doi.org/10.1186/s13071-019-3845-5,Male,Semi-field,Dusk,N,,,,N,,,1.4
An. gambiae,Anopheles,gambiae,Targeting male mosquito swarms to control malaria vector density,Sawadogo S.P.; Niang A.; Bilgo E.; Millogo A.; Maïga H.; Dabire R.K.; Tripet F.; Diabaté A.,PLoS ONE,Y,2017,https://doi.org/10.1371/journal.pone.0173273,Male,Field,Dusk,N,,,,N,,,
An. gambiae,Anopheles,gambiae,Stimulating Anopheles gambiae swarms in the laboratory: application for behavioural and fitness studies,Facchinelli L.; Valerio L.; Lees R.S.; Oliva C.F.; Persampieri T.; Collins C.M.; Crisanti A.; Spaccapelo R.; Benedict M.Q.,Malaria Journal,Y,2015,https://doi.org/10.1186/s12936-015-0792-2,Male,Lab,Dusk,N,,,15,N,,,
An. gambiae,Anopheles,gambiae,The dance of male Anopheles gambiae in wild mating swarms,Butail S.; Manoukis N.C.; Diallo M.; Ribeiro J.M.C.; Paley D.A.,Journal of Medical Entomology,Y,2016,https://doi.org/10.1603/me12251,Male,Field,Dusk,N,,,,Y,,12,1.9
An. gambiae,Anopheles,gambiae,Structure and Dynamics of Male Swarms of Anopheles gambiae,Manoukis N.C.; Diabate A.; Abdoulaye A.; Diallo M.; Dao A.; Yaro A.S.; Ribeiro J.M.C.; Lehmann T.,Journal of Medical Entomology,Y,2009,https://doi.org/10.1603/033.046.0207,Male,Field,Dusk,N,,,20,Y,,14,
An. gambiae,Anopheles,gambiae,Assessment of alternative mating strategies in Anopheles gambiae: Does mating occur indoors?,Dao A.; Adamou A.; Yaro A.S.; Maïga H.M.; Kassogue Y.; Traoré S.F.; Lehmann T.,Journal of Medical Entomology,Y,2008,https://doi.org/10.1603/0022-2585(2008)45[643:aoamsi]2.0.co;2,Male,Field,Dusk,Y,,,,Y,,,
An. gambiae,Anopheles,gambiae,Mixed Swarms of the Molecular M and S Forms of Anopheles gambiae (Diptera: Culicidae) in Sympatric Area from Burkina Faso ,Diabaté A.; Dabire R.K.; Kengne P.; Brengues C.; Baldet T.; Ouari A.; Simard F.; Lehmann T.,Journal of Medical Entomology,Y,2006,https://doi.org/10.1603/0022-2585(2006)43[480:msotmm]2.0.co;2,Male,Field,Dusk,N,,,7.5,Y,17,,2.5
An. gambiae,Anopheles,gambiae,"Mating in the mosquito, Anopheles gambiae s.l. II. Swarming behaviour",Charlwood J.D.; Jones M.D.R.,Physiological Entomology,Y,1980,https://doi.org/10.1111/j.1365-3032.1980.tb00241.x,Male,Lab,Dusk,Y,,,,N,,,
An. gambiae,Anopheles,gambiae,The swarming and mating behaviour of Anopheles gambiae s.s. (Diptera: Culicidae) from São Tomé Island,Charlwood J.J D; J Pinto J.; Sousa C.A.; Madsen H.; Ferreira C.; do Rosario V.E.,Journal of Vector Ecology,Y,2002,https://pubmed.ncbi.nlm.nih.gov/12546454/,Male,Field,Dawn,Y ,,,,N,20,,
An. gambiae,Anopheles,gambiae,The swarming and mating behaviour of Anopheles gambiae s.s. (Diptera: Culicidae) from São Tomé Island,Charlwood J.J D; J Pinto J.; Sousa C.A.; Madsen H.; Ferreira C.; do Rosario V.E.,Journal of Vector Ecology,Y,2002,https://pubmed.ncbi.nlm.nih.gov/12546454/,Male,Field,Dusk,Y ,,,-2.5,Y,100,,2.5
An. gambiae,Anopheles,gambiae,Effect of larval crowding on mating competitiveness of Anopheles gambiae mosquitoes,Ng'habi K.R.; John B.; Nkwengulila G.; Knols B.G.J.; Killeen G.F.; Ferguson H.M.,Malaria Journal,Y,2005,https://doi.org/10.1186/1475-2875-4-49,Male,Lab,Dusk,N,,,,N,,,
An. gambiae,Anopheles,gambiae,"Effect of sugar on male Anopheles gambiae mating performance, as modified by temperature, space, and body size",Gary Jr R.E.; Cannon III J.W.; Foster W.A.,Parasites & Vectors,Y,2009,https://doi.org/10.1186/1756-3305-2-19,Male,Lab,Dusk,N,,,,N,,,
An. gambiae,Anopheles,gambiae,Male swarming aggregation pheromones increase female attraction and mating success among multiple African malaria vector mosquito species,Moz?raitis R.; Hajkazemian M.; Zawada J.W.; Szymczak J.; Pålsson K.; Sekar V.; Biryukova I.; Friedländer M.R.; Koekemoer L.L.; Baird J.K.; Borg-Karlson A; Emami S.N.,Nature Ecology & Evolution,Y,2020,https://doi.org/10.1038/s41559-020-1264-9,Male,Lab,Dusk,N,,,,N,,,
An. gambiae,Anopheles,gambiae,Male swarming aggregation pheromones increase female attraction and mating success among multiple African malaria vector mosquito species,Moz?raitis R.; Hajkazemian M.; Zawada J.W.; Szymczak J.; Pålsson K.; Sekar V.; Biryukova I.; Friedländer M.R.; Koekemoer L.L.; Baird J.K.; Borg-Karlson A; Emami S.N.,Nature Ecology & Evolution,Y,2020,https://doi.org/10.1038/s41559-020-1264-9,Male,Semi-field,Dusk,N,,,,N,,,
An. gambiae,Anopheles,gambiae,A new cage for observing mating behavior of wild Anopheles gambiae in the laboratory,Marchand M.P.,Journal of the American Mosquito Control Association,Y,1985,https://pubmed.ncbi.nlm.nih.gov/3880236/,Male,Lab,Dusk,N,,,8,N,,,
An. gambiae,Anopheles,gambiae,No evidence for long-range male sex pheromones in two malaria mosquitoes,Poda S.B.; Buatois B.; Lapeyre B.; Dormont L.; Diabaté A.; Gnankiné O.; Dabiré R.K.; Roux O.,Nature Ecology & Evolution,Y,2022,https://doi.org/10.1038/s41559-022-01869-x,Male,Lab,Dusk,N,,,,N,,,
An. gambiae,Anopheles,gambiae,A low-cost mesocosm for the study of behaviour and reproductive potential of Afrotropical mosquito (Diptera: Culicidae) vectors of malaria,Jackson B.T.; Stone C.M.; Ebrahimi B.; Briët O.J.T.; Foster W.A.,Journal of Medical Entomology,Y,2015,https://doi.org/10.1111/mve.12085,Male,Semi-field,Dusk,N,,,,N,,,1.5
An. gambiae,Anopheles,gambiae,Does extreme asymmetric dominance promote hybridization between Anopheles coluzzii and Anopheles gambiae s.s. in seasonal malaria mosquito communities of West Africa?,Niang A.; Epopa P.S.; Sawadogo S.P.; Maïga H.; Konaté L.; Faye O.; Dabiré R.K.; Tripet F.; Diabaté A.,Parasites & Vectors,Y,2015,https://doi.org/10.1186/s13071-015-1190-x,Male,Field,Dusk,Y,,,,Y,,,
An. gambiae,Anopheles,gambiae,Eave and swarm collections prove effective for biased captures of male Anopheles gambiae mosquitoes in Uganda,Birungi K.; Mabuka D.P.;Balyesima V.; Namukwaya A.;Chemoges E.W.; Kiwuwa-Muyingo S.;Collins C.M.; Tripet F.; Kayondo J.K.,Parasites & Vectors,Y,2021,https://doi.org/10.1186/s13071-021-04770-x,Male,Field,Dusk,N,,,,Y,19,,
An. gambiae,Anopheles,gambiae,Entomological baseline data collection and power analyses in preparation of a mosquito swarm-killing intervention in south-western Burkina Faso,Niang A.; Sawadogo S.P.; Millogo A.A.; Akpodiete N.O.; Dabiré R.K.; Tripet F.; Diabaté A.,Malaria Journal,Y,2021,https://doi.org/10.1186/s12936-021-03877-x,Male,Field,Dusk,N,,,,N,,50,2
An. gambiae,Anopheles,gambiae,"Swarming behaviour in natural populations of Anopheles gambiae and An. coluzzii: Review of 4 years survey in rural areas of sympatry, Burkina Faso (West Africa)",Sawadogo P.S.; Namountougou M.; Toé K.H.; Rouamba J.; Maïga H.; Ouédraogo K.R.; Baldet T.; Gouagna L.C.; Kengne P.; Simard F.; Costantini C.; Gibson G.; Diabaté A.; Lees R.S.; Gilles J.R.L.; Dabiré K.R.,Acta Tropica,Y,2014,https://doi.org/10.1016/j.actatropica.2013.12.011,Male,Field,Dusk,Y,,,3.41,Y,,,1.75
An. gambiae,Anopheles,gambiae,Harmonic convergence coordinates swarm mating by enhancing mate detection in the malaria mosquito Anopheles gambiae,Castillo S.S.G.; Pritts K.S.; Krishnan R.S.; Harrington L.C.; League G.P.,Scientific Reports,Y,2021,https://doi.org/10.1038/s41598-021-03236-5,Male,Lab,Dusk,N,,,,N,,,
An. gambiae,Anopheles,gambiae,Effects of Age and Size on Anopheles gambiae s.s. Male Mosquito Mating Success,Sawadogo S.P.; Diabaté A.; Toé H.K.; Sanon A.; Lefevre T.; Baldet T.; Gilles J.; Simard F.; Gibson G.; Sinkins S.;Dabiré R.K.,Journal of Medical Entomology,Y,2013,https://doi.org/10.1603/ME12041,Male,Field,Dusk,Y,,,,Y,,,
An. gambiae,Anopheles,gambiae,Anopheles gambiae (s.l.) is found where few are looking: assessing mosquito diversity and density outside inhabited areas using diverse sampling methods,Epopa P.S.; Millogo A.A.; Collins C.M.;North A.R.;Benedict M.Q.; Tripet F.; O?Loughlin S.; Dabiré R.K.; Ouédraogo G.A.; Diabaté A.,Parasites & Vectors,Y,2020,https://doi.org/10.1186/s13071-020-04403-9,Male,Field,Dusk,N,,,,Y,154,,
An. gambiae,Anopheles,gambiae,Perfect association between spatial swarm segregation and the X-chromosome speciation island in hybridizing Anopheles coluzzii and Anopheles gambiae populations,Niang A.; Maïga H.; Sawadogo S.P.; Konaté L.; Faye O.; Lee Y.; Dabiré R.K.; Diabaté A.; Tripet F.,Scientific Reports,Y,2022,https://doi.org/10.1038/s41598-022-14865-9,Male,Field,Dusk,Y,,,,Y,,,
An. gambiae,Anopheles,gambiae,Attributes of Anopheles gambiae swarms in South Central Uganda,Birungi K.; Mabuka D.P.; Balyesima V.; Tripet F.; Kayondo J.K.,Parasites & Vectors,Y,2024,https://doi.org/10.1186/s13071-024-06132-9,Male,Field,Dusk,N,,,,Y,,125,2.645
An. indiensis,Anopheles,indiensis,The Habits of Adult Mosquitoes in Malaya IV.—Swarming of Anophelines in Nature,Wharton R.H.,Annals of Tropical Medicine and Parasitology,Y,1954,https://doi.org/10.1080/00034983.1953.11685569,Male,Field,Dusk,N,10,,15,Y,40,200,0.46
An. kochi,Anopheles,kochi,The Habits of Adult Mosquitoes in Malaya IV.—Swarming of Anophelines in Nature,Wharton R.H.,Annals of Tropical Medicine and Parasitology,Y,1954,https://doi.org/10.1080/00034983.1953.11685569,Male,Field,Dusk,N,,,,Y,224,,3.2
An. labranchiae,Anopheles,labranchiae,Laboratory observations on the sexual behavior of anopheline mosquitoes,Bates M.,Journal of Experimental Zoology,Y,1941,https://doi.org/10.1002/jez.1400860202,Male,Lab,Dusk,N,,,,N,,,
An. labranchiae,Anopheles,labranchiae,Laboratory observations on the sexual behavior of anopheline mosquitoes,Bates M.,Journal of Experimental Zoology,Y,1941,https://doi.org/10.1002/jez.1400860202,Male,Lab,Dusk,N,,,,N,,,
An. maculatus,Anopheles,maculatus,The Habits of Adult Mosquitoes in Malaya IV.—Swarming of Anophelines in Nature,Wharton R.H.,Annals of Tropical Medicine and Parasitology,Y,1954,https://doi.org/10.1080/00034983.1953.11685569,Male,Field,Dusk,N,,,5,N,,50,5.33
An. maculipennis,Anopheles,maculipennis,Laboratory observations on the sexual behavior of anopheline mosquitoes,Bates M.,Journal of Experimental Zoology,Y,1941,https://doi.org/10.1002/jez.1400860202,Male,Lab,Dusk,Y,,,,N,,,
An. maculipennis,Anopheles,maculipennis,"Observation on the Swarming of Anopheles maculipennis, var. atroparvus.",Cambournac F.J.C.; Hill R.B.,American Journal of Tropical Medicine and Hygiene,Y,1940,https://doi.org/10.4269/ajtmh.1940.s1-20.133,Male,Field,Dusk,Y,,,,N,,,
An. maculipennis,Anopheles,maculipennis,The swarming habits of some Danish mosquitoes,Nielsen E.T. ; Nielsen H.T. ,Ent. Meddr.,Y,1963,,Male,Field,Dusk,N,,,,N,,25,
An. melas,Anopheles,melas,Studies on the breeding swarms of Anopheles gambiae complex in malaria control perspective,Assogba B.S.; Djogbenou L.S.; Dabiré R.K.; Diabaté A.; Baldet T.,Malaria Journal,Y,2010,https://doi.org/10.1186/1475-2875-9-S2-O1,Male,Field,Dusk,Y,16,,,N,,900,1.5
An. melas,Anopheles,melas,"Mating in the mosquito, Anopheles gambiae s.l. II. Swarming behaviour",Charlwood J.D.; Jones M.D.R.,Physiological Entomology,Y,1980,https://doi.org/10.1111/j.1365-3032.1980.tb00241.x,Male,Field,Dusk,Y,20,,15,N,,,2
An. melas,Anopheles,melas,Characterization of swarming and mating behaviour between Anopheles coluzzii and Anopheles melas in a sympatry area of Benin,Assogba B.S.; Djogbénou L.; Saizonou J.; Diabaté A.; Dabiré R.K.; Moiroux N.; Gilles J.R.L.; Makoutodé M.; Baldet T.,Acta Tropica,Y,2014,https://doi.org/10.1016/j.actatropica.2013.09.006,Male,Field,Dusk,Y,,,20,Y,895,,0.8
An. niggerimus,Anopheles,niggerimus,Observations on the Swarming and Mating of Some Pakistan Mosquitoes in Nature,Reisen W.K.; Aslam Y.; Siddiqui T.F.,Annals of the Entomological Society of America,Y,1977,https://doi.org/10.1093/aesa/70.6.988,Male,Field,Dusk,N,,,,Y,,,
An. philippinensis,Anopheles,philippinensis,The Habits of Adult Mosquitoes in Malaya IV.—Swarming of Anophelines in Nature,Wharton R.H.,Annals of Tropical Medicine and Parasitology,Y,1954,https://doi.org/10.1080/00034983.1953.11685569,Male,Field,Dusk,Y,15,,5,Y,248,250,1.98
An. plumbeus,Anopheles,plumbeus,The swarming habits of some Danish mosquitoes,Nielsen E.T. ; Nielsen H.T. ,Ent. Meddr.,Y,1963,,Male,Field,Dusk,N,,,,Y,,,
An. pulcherrimus,Anopheles,pulcherrimus,Observations on the Swarming and Mating of Some Pakistan Mosquitoes in Nature,Reisen W.K.; Aslam Y.; Siddiqui T.F.,Annals of the Entomological Society of America,Y,1977,https://doi.org/10.1093/aesa/70.6.988,Male,Field,Dusk,N,,,-4,Y,,101.5,4.5
An. punctipennis,Anopheles,punctipennis,The Swarming of Anopheles Punctipennis Say,Knab F.,Journal of Entomology,Y,1907,https://doi.org/10.1155/1907/32434,Male,Field,Dusk,Y,45,,,Y,15,55,2.3
An. sacharovi,Anopheles,sacharovi,Laboratory observations on the sexual behavior of anopheline mosquitoes,Bates M.,Journal of Experimental Zoology,Y,1941,https://doi.org/10.1002/jez.1400860202,Male,Lab,Dusk,N,,,,N,,,
An. squamosus,Anopheles,squamosus,Male mosquito swarms: some observations in Kenya,Van Someren G.R.C.,"Proceedings of The Royal Entomological Society of London. Series A, General Entomology",Y,2009,https://doi.org/10.1111/j.1365-3032.1965.tb00322.x,Male,Field,Dusk,N,,,,Y,234,,2.59
An. stephensi,Anopheles,stephensi,"Swarming, Mating, and Density in Nature of Anopheles stephensi mysorensis",Quraishi M.S.,Journal of Economic Entomology,Y,1965,https://doi.org/10.1093/jee/58.5.821,Male,Field,Dusk,Y,35,,,Y,,550,
An. stephensi,Anopheles,stephensi,Observations on the Swarming and Mating of Some Pakistan Mosquitoes in Nature,Reisen W.K.; Aslam Y.; Siddiqui T.F.,Annals of the Entomological Society of America,Y,1977,https://doi.org/10.1093/aesa/70.6.988,Male,Field,Dusk,Y,,,-7.7,Y,,1503,1
An. stephensi,Anopheles,stephensi,Dynamics of mosquito swarms over a moving marker,Jain P.; Singh O.P.; Butail S.,arXiv,N,2020,https://doi.org/10.48550/arXiv.2007.04254,Male,Lab,Dawn,N,,,,N,,,
An. stephensi,Anopheles,stephensi,Dynamics of mosquito swarms over a moving marker,Jain P.; Singh O.P.; Butail S.,arXiv,N,2020,https://doi.org/10.48550/arXiv.2007.04254,Male,Lab,Dusk,N,,,,N,,,
An. subpictus,Anopheles,subpictus,Field observations on the swarming & the mating behaviour of Anopheles subpictus Grassi,Panicker K.N.; Rajagopalan P.K.,Indian Journal of Medical Research,Y,1984,https://pubmed.ncbi.nlm.nih.gov/6519719/,Male,Field,Dusk,Y,20,,10,Y,230,269,
An. superpictus,Anopheles,superpictus,Observations on mosquitoes in Iraq ,Nielsen E.T. ; Nielsen H.T. ,Ent. Meddr.,Y,1958,,Male,Field,Dusk,Y,22,,,N,,,3.96
An. superpictus,Anopheles,superpictus,Laboratory observations on the sexual behavior of anopheline mosquitoes,Bates M.,Journal of Experimental Zoology,Y,1941,https://doi.org/10.1002/jez.1400860202,Male,Lab,Dusk,N,,,,N,,,7.62
An. vagus,Anopheles,vagus,The Habits of Adult Mosquitoes in Malaya IV.—Swarming of Anophelines in Nature,Wharton R.H.,Annals of Tropical Medicine and Parasitology,Y,1954,https://doi.org/10.1080/00034983.1953.11685569,Male,Field,Dusk,Y,,,,Y,4,,3.35
Ar. subalbatus,Armigeres,subalbatus,Field observations on the swarming behavior of Armigeres subalbatus (COQ) (Diptera : Culicidae),Rajavel A.R.,Southeast Asian Journal of Tropical Medicine and Public Health,Y,1995,https://pubmed.ncbi.nlm.nih.gov/8525406/,Male,Field,Dawn,Y,75,,,N,,,
Ar. subalbatus,Armigeres,subalbatus,Field observations on the swarming behavior of Armigeres subalbatus (COQ) (Diptera : Culicidae),Rajavel A.R.,Southeast Asian Journal of Tropical Medicine and Public Health,Y,1995,https://pubmed.ncbi.nlm.nih.gov/8525406/,Male,Field,Dusk,Y,135,,,Y,,,
Cu. annulata,Culiseta,annulata,The swarming habits of some Danish mosquitoes,Nielsen E.T. ; Nielsen H.T. ,Ent. Meddr.,Y,1963,,Male,Field,Dusk,N,,,,Y,,,
Cu. morsitans,Culiseta,morsitans,"The mosquitoes of Burnaby Lake, British Columbia",Belton P.,Journal of the Entomological Society of British Columbia ,Y,1978,https://journal.entsocbc.ca/index.php/journal/article/view/1941,Male,Field,Dusk,N,,,,Y,,10,2
Cu. melanura,Culiseta,melanura,Observations on the swarming of Culiseta melanura (Coquillett),Hayes R.O.,Mosquito News,Y,1958,,Male,Field,Dusk,Y,37,,2.5,Y,,100,4.57
Cx. annulirostris,Culex,annulirostris,"Male swarming and mating behaviour in 'Culex annulirostris' Skuse (Diptera: Culicidae) at Appin, N.S.W.",Russell R.C.,Journal of the Entomological Society of New South Wales,Y,1985,https://search.informit.org/doi/abs/10.3316/informit.250971620292427,Male,Field,Dusk,Y,25,,,N,,,
Cx. fuscocephalus,Culex,fuscocephalus,Observations on the Swarming and Mating of Some Pakistan Mosquitoes in Nature,Reisen W.K.; Aslam Y.; Siddiqui T.F.,Annals of the Entomological Society of America,Y,1977,https://doi.org/10.1093/aesa/70.6.988,Male,Field,Dusk,N,,,,Y,,200,2
Cx. pallens,Culex,pallens,On the swarming of Culex pipiens pallens,Omori N.,Medical Entomology and Zoology,Y,1954,https://doi.org/10.7601/mez.4.342,Male,Field,Dusk,Y,35,,8,Y,272,,2.25
Cx. pipiens,Culex,pipiens,Evaluation of male reproductive success through body size in swarms of Culex pipiens pipiens (Diptera: Culicidae),Fedorova M.V.; Serbeniuk S.A.,Parazitologiia,Y,1999,https://pubmed.ncbi.nlm.nih.gov/10798956/,Male,Field,Dusk,Y,1.75,,,Y,,1000,
Cx. pipiens,Culex,pipiens,Studies on the swarming Habits of Mosquitos and other Nematocera,Nielsen E.T.; Greve H.,Bulletin of Entomological Research,Y,1950,https://doi.org/10.1017/S0007485300027607,Male,Field,Dusk,N,30,,,N,,4,
Cx. pipiens,Culex,pipiens,Preliminary observations of fall swarms of Culex pipiens L. ,Frohne W.C.,Mosquito News,Y,1964,https://www.cabidigitallibrary.org/doi/full/10.5555/19661000108,Male,Field,Dawn,Y,30,,,N,,6,
Cx. pipiens,Culex,pipiens,The swarming of Culex pipiens,Knab F.,Psyche,Y,1906,https://doi.org/10.1155/1906/48457,Male,Field,Dusk,Y,50,,,Y,2500,2500,2.29
Cx. pipiens,Culex,pipiens,Preliminary observations of fall swarms of Culex pipiens L. ,Frohne W.C.,Mosquito News,Y,1964,https://www.cabidigitallibrary.org/doi/full/10.5555/19661000108,Male,Field,Dusk,Y,65,,,N,,1000,
Cx. pipiens,Culex,pipiens,SWARMING OF MOSQUITOES. Laboratory Experiments Under Controlled Conditions,Nielsen H.T. ; Nielsen E.T. ,Entomological Experiments and Applications,Y,1962,https://doi.org/10.1111/j.1570-7458.1962.tb00561.x,Male,Lab,Dawn,N,,,,N,,,
Cx. pipiens,Culex,pipiens,SWARMING OF MOSQUITOES. Laboratory Experiments Under Controlled Conditions,Nielsen H.T. ; Nielsen E.T. ,Entomological Experiments and Applications,Y,1962,https://doi.org/10.1111/j.1570-7458.1962.tb00561.x,Male,Lab,Dusk,N,,,,N,,,
Cx. pipiens,Culex,pipiens,Observations on the Swarming and Mating of Some Pakistan Mosquitoes in Nature,Reisen W.K.; Aslam Y.; Siddiqui T.F.,Annals of the Entomological Society of America,Y,1977,https://doi.org/10.1093/aesa/70.6.988,Male,Field,Dusk,Y,,,,Y,,500,15
Cx. pipiens,Culex,pipiens,"The mosquitoes of Burnaby Lake, British Columbia",Belton P.,Journal of the Entomological Society of British Columbia ,Y,1978,https://journal.entsocbc.ca/index.php/journal/article/view/1941,Male,Field,Dusk,N,,,,Y,,10,
Cx. pipiens,Culex,pipiens,The swarming habits of some Danish mosquitoes,Nielsen E.T. ; Nielsen H.T. ,Ent. Meddr.,Y,1963,,Male,Field,Dusk,Y,,,,Y,,,
Cx. pseudovishnui,Culex,pseudovishnui,Observations on the Swarming and Mating of Some Pakistan Mosquitoes in Nature,Reisen W.K.; Aslam Y.; Siddiqui T.F.,Annals of the Entomological Society of America,Y,1977,https://doi.org/10.1093/aesa/70.6.988,Male,Field,Dusk,N,,,0,Y,,101,2
Cx. quinquefasciatus,Culex,quinquefasciatus,Some observations on resting and swarming behaviour of Culex pipiens fatigans in an urban situation,Menon P.K.; Rajagopalan P.K.,Indian Journal of Medical Research,Y,1977,https://pubmed.ncbi.nlm.nih.gov/615854/,Male,Semi-field,Dusk,N,15,,,N,,,5
Cx. quinquefasciatus,Culex,quinquefasciatus,Some observations on resting and swarming behaviour of Culex pipiens fatigans in an urban situation,Menon P.K.; Rajagopalan P.K.,Indian Journal of Medical Research,Y,1977,https://pubmed.ncbi.nlm.nih.gov/615854/,Male,Field,Dusk,N,52.5,,,Y,292,,
Cx. quinquefasciatus,Culex,quinquefasciatus,Field observations on the swarming and mating behaviour of Culex pipiens fatigans in Delhi,Kaul H.N.; Wattal B.L.,Journal of Communicable Diseases,Y,1978,,Male,Field,Dusk,Y,,,3,Y,,,1.85
Cx. quinquefasciatus,Culex,quinquefasciatus,"Monitoring and Chemosterilization of a Mosquito Population, Culex quinquefasciatus (Diptera: Culicidae) by Sound Traps",Ikeshoji T.; Yap H.H.,Applied Entomology and Zoology,Y,1987,https://doi.org/10.1303/aez.22.474 ,Male,Field,Dusk,N,,,,Y,,,
Cx. quinquefasciatus,Culex,quinquefasciatus,Swarming behaviour of the mosquito Culex pipiens quinquefasciatus: a quantitative analysis,Gibson G.,Physiological Entomology,Y,1985,https://doi.org/10.1111/j.1365-3032.1985.tb00049.x,Male,Lab,Dusk,N,,,15,N,,,
Cx. quinquefasciatus,Culex,quinquefasciatus,Swarming and mating behaviour in Culex pipiens quinquefasciatus Say,Williams F.M.; Patterson R.S.,Mosquito News,Y,1969,https://www.cabidigitallibrary.org/doi/full/10.5555/19702902724,Male,Lab,Dusk,Y,,,,Y,,,
Cx. tarsalis,Culex,tarsalis,Physiological factors associated with male swarming of the mosquito Culex tarsalis,Harwood R.F.,Coq. Mosquito News,Y,1964,,Male,Lab,Dawn,N,40,,,N,,,
Cx. tarsalis,Culex,tarsalis,Swarming and Mating Behavior of Laboratory and Field Strains of Culex tarsalis (Diptera: Culicidae),Reisen W.K.; Knop N.F.; Peloquin J.J.,Annals of the Entomological Society of America,Y,1985,https://doi.org/10.1093/aesa/78.5.667,Male,Lab,Dusk,Y,,,5,N,,,
Cx. tarsalis,Culex,tarsalis,Swarming and Mating Behavior of Laboratory and Field Strains of Culex tarsalis (Diptera: Culicidae),Reisen W.K.; Knop N.F.; Peloquin J.J.,Annals of the Entomological Society of America,Y,1985,https://doi.org/10.1093/aesa/78.5.667,Male,Lab,Dawn,Y,,-10,,N,,,
Cx. tarsalis,Culex,tarsalis,Swarming and Mating Behavior of Laboratory and Field Strains of Culex tarsalis (Diptera: Culicidae),Reisen W.K.; Knop N.F.; Peloquin J.J.,Annals of the Entomological Society of America,Y,1985,https://doi.org/10.1093/aesa/78.5.667,Male,Semi-field,Dusk,Y,,,,N,,,
Cx. tarsalis,Culex,tarsalis,Swarming and Mating Behavior of Laboratory and Field Strains of Culex tarsalis (Diptera: Culicidae),Reisen W.K.; Knop N.F.; Peloquin J.J.,Annals of the Entomological Society of America,Y,1985,https://doi.org/10.1093/aesa/78.5.667,Male,Semi-field,Dawn,Y,,,,N,,,
Cx. tarsalis,Culex,tarsalis,Swarming and Mating Behavior of Laboratory and Field Strains of Culex tarsalis (Diptera: Culicidae),Reisen W.K.; Knop N.F.; Peloquin J.J.,Annals of the Entomological Society of America,Y,1985,https://doi.org/10.1093/aesa/78.5.667,Male,Field,Dusk,Y,,,-15,N,,,
Cx. tarsalis,Culex,tarsalis,Swarming and Mating Behavior of Laboratory and Field Strains of Culex tarsalis (Diptera: Culicidae),Reisen W.K.; Knop N.F.; Peloquin J.J.,Annals of the Entomological Society of America,Y,1985,https://doi.org/10.1093/aesa/78.5.667,Male,Field,Dawn,Y,,,,N,,,
Cx. tarsalis,Culex,tarsalis,Physiological factors associated with male swarming of the mosquito Culex tarsalis,Harwood R.F.,Coq. Mosquito News,Y,1964,,Male,Lab,Dusk,N,,,,N,,,
Cx. tarsalis,Culex,tarsalis,Physiological factors associated with male swarming of the mosquito Culex tarsalis,Harwood R.F.,Coq. Mosquito News,Y,1964,,Male,Field,Dusk,N,,,,Y,,,
Cx. tarsalis,Culex,tarsalis,"Use of a modified marchand cage to study mating and swarming behaviour in Culex tarsalis, with reference to colonization",Peloquin J.J.; Asman S.M.,Journal of the American Mosquito Control Association,Y,1988,https://pubmed.ncbi.nlm.nih.gov/3225570/,Male,Lab,Dusk,Y,,,,N,,,
Cx. territans,Culex,territans,"Diurnal swarms of Culex territans Walker, and the crepuscular swarming of Aedes about a small glade in Alaska",Frohne W.C.; Frohne R.G.,Mosquito News,Y,1954,,Male,Field,Daylight,N,30,,,Y,,45,2.59
Cx. theileri,Culex,theileri,Observations on mosquitoes in Iraq ,Nielsen E.T. ; Nielsen H.T. ,Ent. Meddr.,Y,1958,,Male,Field,Dawn,N,13,-31,,N,,,
Cx. theileri,Culex,theileri,Observations on mosquitoes in Iraq ,Nielsen E.T. ; Nielsen H.T. ,Ent. Meddr.,Y,1958,,Male,Field,Dusk,N,21,,12,N,,25,
Cx. torrentium,Culex,torrentium,Male swarming of the mosquito Culex (Culex) torrentium in England,Service M.W.,Medical and Vetinary Entomology,Y,1994,https://doi.org/10.1111/j.1365-2915.1994.tb00393.x,Male,Field,Dusk,N,27.5,,52.5,Y,,40,5.9
Cx. torrentium,Culex,torrentium,Male swarming of the mosquito Culex (Culex) torrentium in England,Service M.W.,Medical and Vetinary Entomology,Y,1994,https://doi.org/10.1111/j.1365-2915.1994.tb00393.x,Male,Field,Dawn,N,,,,N,,,
Cx. tritraeniorhyncus,Culex,tritraeniorhyncus,A Method for Reconstructing Three-Dimensional Positions of Swarming Mosquitoes,Ikawa T.; Okabe H.; Mori T.; Urabe K.; Ikeshoji T.,Journal of Insect Behavior,Y,1994,https://doi.org/10.1007/BF01990084,Male,Field,Dusk,N,,,,N,,,
Cx. tritraeniorhyncus,Culex,tritraeniorhyncus,Observations on the Swarming and Mating of Some Pakistan Mosquitoes in Nature,Reisen W.K.; Aslam Y.; Siddiqui T.F.,Annals of the Entomological Society of America,Y,1977,https://doi.org/10.1093/aesa/70.6.988,Male,Field,Dusk,Y,,,,Y,,603,1.75
Cx. univittatus,Culex,univittatus,Observations on mosquitoes in Iraq ,Nielsen E.T. ; Nielsen H.T. ,Ent. Meddr.,Y,1958,,Male,Field,Dusk,N,18,,3,N,,6,0.7
Ma. aurites,Mansonia,aurites,"Diptera swarming high above the forest canopy in Uganda, with special reference to Tabanidae",Corbet P.S.; Haddow A.J.,Transactions of the Royal Entomological Society of London,Y,1962,https://doi.org/10.1111/j.1365-2311.1962.tb01080.x,Male,Field,Dusk,N,35,,,Y,,,4.57
Ma. aurites,Mansonia,aurites,"Diptera swarming high above the forest canopy in Uganda, with special reference to Tabanidae",Corbet P.S.; Haddow A.J.,Transactions of the Royal Entomological Society of London,Y,1962,https://doi.org/10.1111/j.1365-2311.1962.tb01080.x,Male,Field,Dusk,N,,,,N,,,
Ma. fuscopennata,Mansonia,fuscopennata,"Entomological studies from a high tower in Mpanga forest, Uganda V. Swarming activity above the forest",Corbet P.S.,Transactions of the Royal Entomological Society of London,Y,1961,https://doi.org/10.1111/j.1365-2311.1961.tb02295.x,Male,Field,Dawn,N,10,,,N,,,
Ma. fuscopennata,Mansonia,fuscopennata,"Entomological studies from a high tower in Mpanga forest, Uganda V. Swarming activity above the forest",Corbet P.S.,Transactions of the Royal Entomological Society of London,Y,1961,https://doi.org/10.1111/j.1365-2311.1961.tb02295.x,Male,Field,Dusk,N,20,,,Y,,,36.58
Ma. fuscopennata,Mansonia,fuscopennata,Observations on the swarming and mating of mosquitoes in Uganda,Corbet P.S.,Physiological Entomology,Y,1964,https://doi.org/10.1111/j.1365-3032.1964.tb00777.x,Male,Field,Dusk,Y,20.5,,,Y,32,,1.52
Ma. fuscopennata,Mansonia,fuscopennata,Observations on the swarming and mating of mosquitoes in Uganda,Corbet P.S.,Physiological Entomology,Y,1964,https://doi.org/10.1111/j.1365-3032.1964.tb00777.x,Male,Field,Dawn,Y,,,,N,,,
Ma. metallica,Mansonia,metallica,"Entomological studies from a high tower in Mpanga forest, Uganda V. Swarming activity above the forest",Corbet P.S.,Transactions of the Royal Entomological Society of London,Y,1961,https://doi.org/10.1111/j.1365-2311.1961.tb02295.x,Male,Field,Dusk,N,20,,,Y,,,36.58
Ma. metallica,Mansonia,metallica,Observations on the swarming and mating of mosquitoes in Uganda,Corbet P.S.,Physiological Entomology,Y,1964,https://doi.org/10.1111/j.1365-3032.1964.tb00777.x,Male,Field,Dusk,N,,,,Y,,,1.8
Ma. perturbans,Mansonia,perturbans,Swarming behaviour of Mansonia perturbans (Walker),Thompson P.H.,The American Midland Naturalist,Y,1967,https://doi.org/10.2307/2423362.,Male,Field,Dusk,Y,50,,18,Y,40,200,1.5
Ma. perturbans,Mansonia,perturbans,Swarming and Some Other Habits of Mansonia perturbans and Psorophora ferox (Diptera: Culicidae),Nielsen H.T.,Behavior,Y,1964,https://doi.org/10.1163/156853964x00229,Male,Field,Dusk,N,,,,N,,,1.75
Ps. columbiae,Psorophora,columbiae,Observations on Male Swarms of Psorophora Columbiae in Texas Ricelands,Peloquin J.J.; Olson J.K.,Journal of the American Mosquito Control Association,Y,1985,https://pubmed.ncbi.nlm.nih.gov/2906688/,Male,Field,Dusk,N,52.5,,32.5,N,,,9
Ps. columbiae,Psorophora,columbiae,Effects of Sound on Swarming Male Psorophora columbiae,Peloquin J.J.; Olson J.K.,Journal of the American Mosquito Control Association,Y,1986,https://pubmed.ncbi.nlm.nih.gov/2906987/,Male,Field,Dusk,N,,,60,N,,,
Ps. columbiae,Psorophora,columbiae,Observations on Male Swarms of Psorophora Columbiae in Texas Ricelands,Peloquin J.J.; Olson J.K.,Journal of the American Mosquito Control Association,Y,1985,https://pubmed.ncbi.nlm.nih.gov/2906688/,Male,Field,Dawn,N,,,,N,,,
Ps. ferox,Psorophora,ferox,Swarming and Some Other Habits of Mansonia perturbans and Psorophora ferox (Diptera: Culicidae),Nielsen H.T.,Behavior,Y,1964,https://doi.org/10.1163/156853964x00229,Male,Field,Dawn,Y,,,,N,,,
Ps. ferox,Psorophora,ferox,Swarming and Some Other Habits of Mansonia perturbans and Psorophora ferox (Diptera: Culicidae),Nielsen H.T.,Behavior,Y,1964,https://doi.org/10.1163/156853964x00229,Male,Field,Daylight,Y,,,,N,,,
Ps. ferox,Psorophora,ferox,Swarming and Some Other Habits of Mansonia perturbans and Psorophora ferox (Diptera: Culicidae),Nielsen H.T.,Behavior,Y,1964,https://doi.org/10.1163/156853964x00229,Male,Field,Dusk,Y,,,,N,,55,2
Ur. alboabdominalis,Uranotaenia,alboabdominalis,Observations on the swarming and mating of mosquitoes in Uganda,Corbet P.S.,Physiological Entomology,Y,1964,https://doi.org/10.1111/j.1365-3032.1964.tb00777.x,Male,Field,Dusk,Y,20,,,Y,290,,1.52
Ur. alboabdominalis,Uranotaenia,alboabdominalis,Observations on the swarming and mating of mosquitoes in Uganda,Corbet P.S.,Physiological Entomology,Y,1964,https://doi.org/10.1111/j.1365-3032.1964.tb00777.x,Male,Field,Dawn,Y,,,,N,,,
Ur. pallidocephala,Uranotaenia,pallidocephala,"Entomological studies from a high tower in Mpanga forest, Uganda V. Swarming activity above the forest",Corbet P.S.,Transactions of the Royal Entomological Society of London,Y,1961,https://doi.org/10.1111/j.1365-2311.1961.tb02295.x,Male,Field,Dusk,N,12.5,,,Y,,,36.58
Ur. pallidocephala,Uranotaenia,pallidocephala,"Entomological studies from a high tower in Mpanga forest, Uganda V. Swarming activity above the forest",Corbet P.S.,Transactions of the Royal Entomological Society of London,Y,1961,https://doi.org/10.1111/j.1365-2311.1961.tb02295.x,Male,Field,Dawn,N,15,,,Y,,,
