Group,Genus,Species,Paper,Authors,Journal,Peer_reviewed,Year,Link,Sex,Experiment_location,Stimulus,Stimulus_fq_range,Tool_MT,Laser_focus_point..top.to.bottom.,Mechanical_State,Mechanical_tuning_fq,Mechanical.Tuning.Frequency..Hz.,Tuning_sharpness_Q,v_vib_.v_air..relative.vibrational.velocity..or..df.dp..mechanical.sensitivity.,Age,Mating_status,Experimental_time,Temperature,Temp_data
Ae. aegypti,Aedes,aegypti,Sex and species specific hearing mechanisms in mosquito flagellar ears,Su M.P.; Andrés M.; Boyd-Gibbins N.; Somers J.; Albert J.T.,Nature Communications,Y,2018,https://doi.org/10.1038/s41467-018-06388-7,Male,Lab,Unstimulated,,LDV,2,Active quiescent,522.69 +/- 11.1 (median +/- SE),522.69,26.8,,3_8,Virgin,ZT10,22,Y
Ae. aegypti,Aedes,aegypti,Sex and species specific hearing mechanisms in mosquito flagellar ears,Su M.P.; Andrés M.; Boyd-Gibbins N.; Somers J.; Albert J.T.,Nature Communications,Y,2018,https://doi.org/10.1038/s41467-018-06388-7,Male,Lab,Unstimulated,,LDV,2,Passive sedation,297.99 +/- 11.9 (median +/- SE),297.99,0.94,,3_8,Virgin,ZT10,22,Y
Ae. aegypti,Aedes,aegypti,Sex and species specific hearing mechanisms in mosquito flagellar ears,Su M.P.; Andrés M.; Boyd-Gibbins N.; Somers J.; Albert J.T.,Nature Communications,Y,2018,https://doi.org/10.1038/s41467-018-06388-7,Male,Lab,Unstimulated,,LDV,2,Passive pymetrozine,292.67 +/- 11.49 (median +/- SE),292.67,1.27,,3_8,Virgin,ZT10,22,Y
Ae. aegypti,Aedes,aegypti,Sex and species specific hearing mechanisms in mosquito flagellar ears,Su M.P.; Andrés M.; Boyd-Gibbins N.; Somers J.; Albert J.T.,Nature Communications,Y,2018,https://doi.org/10.1038/s41467-018-06388-7,Female,Lab,Unstimulated,,LDV,3,Active quiescent,203.06 +/- 2.22 (median +/- SE),203.06,3.32,,3_8,Virgin,ZT10,22,Y
Ae. aegypti,Aedes,aegypti,Sex and species specific hearing mechanisms in mosquito flagellar ears,Su M.P.; Andrés M.; Boyd-Gibbins N.; Somers J.; Albert J.T.,Nature Communications,Y,2018,https://doi.org/10.1038/s41467-018-06388-7,Female,Lab,Unstimulated,,LDV,3,Passive sedation,207.47 +/- 3.99 (median +/- SE),207.47,1.04,,3_8,Virgin,ZT10,22,Y
Ae. aegypti,Aedes,aegypti,Sex and species specific hearing mechanisms in mosquito flagellar ears,Su M.P.; Andrés M.; Boyd-Gibbins N.; Somers J.; Albert J.T.,Nature Communications,Y,2018,https://doi.org/10.1038/s41467-018-06388-7,Female,Lab,Unstimulated,,LDV,3,Passive pymetrozine,210.21 +/- 3.57 (median +/- SE),210.21,1.31,,3_8,Virgin,ZT10,22,Y
Ae. aegypti,Aedes,aegypti,Mosquito hearing: sound-induced antennal vibrations in male and female Aedes aegypti,Göpfert M.C.; Briegel H.; Robert D.,Journal of Experimental Biology,Y,1999,https://doi.org/10.1242/jeb.202.20.2727,Male,Lab,White noise,100-3100,LDV,3,Active quiescent,383 +/- 28 (MEAN +/- SD),383,2.4,3,3_4,Virgin,,22.5,Y
Ae. aegypti,Aedes,aegypti,Mosquito hearing: sound-induced antennal vibrations in male and female Aedes aegypti,Göpfert M.C.; Briegel H.; Robert D.,Journal of Experimental Biology,Y,1999,https://doi.org/10.1242/jeb.202.20.2727,Female,Lab,White noise,100-3100,LDV,3,Active quiescent,229 +/- 17 (MEAN +/- SD),229,2.1,2.1,3_4,Virgin,,22.5,Y
Ae. aegypti,Aedes,aegypti,Chordotonal organ mechanosensory pathways as potential targets for the control of mosquito borne diseases,Su M.P.,Thesis,N,2017,https://discovery.ucl.ac.uk/id/eprint/1542425/,Male,Lab,Sweep,15-695 Hz (10 Hz),LDV,2,Active quiescent,360 +/- 12.31 (MEDIAN +/- SE),360,,,3_8,Virgin,ZT10,21.5,Y
Ae. aegypti,Aedes,aegypti,Chordotonal organ mechanosensory pathways as potential targets for the control of mosquito borne diseases,Su M.P.,Thesis,N,2017,https://discovery.ucl.ac.uk/id/eprint/1542425/,Female,Lab,Sweep,15-695 Hz (10 Hz),LDV,3,Active quiescent,195 +/- 5.49 (MEDIAN +/- SE),195,,,3_8,Virgin,ZT10,21.5,Y
Ae. aegypti,Aedes,aegypti,Serotonin modulation in the male Aedes aegypti ear influences hearing,Xu Y.Y.J.; Loh Y.M.; Lee T.T.; Ohashi T.S.; Su M.P.; Kamikouchi A.,Frontiers in Physiology,Y,2022,https://doi.org/10.3389/fphys.2022.931567,Male,Lab,White noise,,LDV,tip,Active quiescent,455.9 +/- 59.0 (mean +/- SD),457.8,,,,Virgin,ZT12-14,28,Y
Ae. aegypti,Aedes,aegypti,Serotonin modulation in the male Aedes aegypti ear influences hearing,Xu Y.Y.J.; Loh Y.M.; Lee T.T.; Ohashi T.S.; Su M.P.; Kamikouchi A.,Frontiers in Physiology,Y,2022,https://doi.org/10.3389/fphys.2022.931567,Female,Lab,White noise,,LDV,tip,Active quiescent,240.6 +/- 20.4 (mean +/- SD),240.6,,,,Virgin,ZT12-14,28,Y
Ae. aegypti,Aedes,aegypti,Differences in male Aedes aegypti and Aedes albopictus hearing systems facilitate recognition of conspecific female flight tones,Loh Y.M.; Xu Y.Y.J.; Lee T.T.; Ohashi T.S.; Zhang Y.D.; Eberl D.F.; Su M.P.;Kamikouchi A.,iScience,Y,2024,https://doi.org/10.1016/j.isci.2024.110264,Male,Lab,White noise,,LDV,tip,Active quiescent,465.1 +/- 35.2 (mean +/- SD),465.1,,,,Virgin,ZT12-14,28,Y
Ae. aegypti,Aedes,aegypti,Differences in male Aedes aegypti and Aedes albopictus hearing systems facilitate recognition of conspecific female flight tones,Loh Y.M.; Xu Y.Y.J.; Lee T.T.; Ohashi T.S.; Zhang Y.D.; Eberl D.F.; Su M.P.;Kamikouchi A.,iScience,Y,2024,https://doi.org/10.1016/j.isci.2024.110264,Female,Lab,White noise,,LDV,tip,Active quiescent,247.6 +/- 11.6 (mean +/- SD),247.6,,,,Virgin,ZT12-14,28,Y
Ae. albopictus,Aedes,albopictus,Differences in male Aedes aegypti and Aedes albopictus hearing systems facilitate recognition of conspecific female flight tones,Loh Y.M.; Xu Y.Y.J.; Lee T.T.; Ohashi T.S.; Zhang Y.D.; Eberl D.F.; Su M.P.;Kamikouchi A.,iScience,Y,2024,https://doi.org/10.1016/j.isci.2024.110264,Male,Lab,White noise,,LDV,tip,Active quiescent,508.4 +/- 33.0 (mean +/- SD),508.4,,,,Virgin,ZT12-14,28,Y
Ae. albopictus,Aedes,albopictus,Differences in male Aedes aegypti and Aedes albopictus hearing systems facilitate recognition of conspecific female flight tones,Loh Y.M.; Xu Y.Y.J.; Lee T.T.; Ohashi T.S.; Zhang Y.D.; Eberl D.F.; Su M.P.;Kamikouchi A.,iScience,Y,2024,https://doi.org/10.1016/j.isci.2024.110264,Female,Lab,White noise,,LDV,tip,Active quiescent,231.0 +/- 14.3 (mean +/- SD),231,,,,Virgin,ZT12-14,28,Y
Ae. togoi,Aedes,togoi,Making waves: The use of sound by a mosquito and three moth species,Hart M.,Thesis,N,2012,https://summit.sfu.ca/_flysystem/fedora/sfu_migrate/13647/etd7352_MHart.pdf,Male,Lab,Sweep,100-1000,LDV,base,Active quiescent,385 +/- 81 (mean +/- SD),385,2.10 +/- 0.74 (mean +/- SD),,,Virgin,ZT12,24.5,Y
Ae. togoi,Aedes,togoi,Making waves: The use of sound by a mosquito and three moth species,Hart M.,Thesis,N,2012,https://summit.sfu.ca/_flysystem/fedora/sfu_migrate/13647/etd7352_MHart.pdf,Male,Lab,Sweep,100-1000,LDV,base,Active quiescent,309 +/- 47 (mean +/- SD),309,2.66 +/- 0.54 (mean +/- SD),,,Virgin,Non-swarming,24.5,Y
Ae. togoi,Aedes,togoi,Making waves: The use of sound by a mosquito and three moth species,Hart M.,Thesis,N,2012,https://summit.sfu.ca/_flysystem/fedora/sfu_migrate/13647/etd7352_MHart.pdf,Female,Lab,Sweep,100-1000,LDV,base,Active quiescent,252 +/- 48 (mean +/- SD),252,3.98 +/- 2.00 (mean +/- SD),,,Virgin,ZT12,24.5,Y
Ae. togoi,Aedes,togoi,Making waves: The use of sound by a mosquito and three moth species,Hart M.,Thesis,N,2012,https://summit.sfu.ca/_flysystem/fedora/sfu_migrate/13647/etd7352_MHart.pdf,Female,Lab,Sweep,100-1000,LDV,base,Active quiescent,257 +/- 53 (mean +/- SD),257,3.68 +/- 0.63 (mean +/- SD),,,Virgin,Non-swarming,24.5,Y
An. arabiensis,Anopheles,arabiensis,"Material, acoustic, and mechanical properties of mosquito and midge antennae",Saltin B.,Thesis,N,2020,https://doi.org/10.48730/n7s0-3093,Male,Lab,Unstimulated,,LDV,,Active SSO,372 ± 15 (median +/- SD),372,154 ±42 (median +/- SD),,,Virgin,,0,N
An. coluzzi,Anopheles,coluzzi,“Singing on the Wing” as a Mechanism for Species Recognition in the Malarial Mosquito Anopheles gambiae,Pennetier C.; Warren B.; Dabiré K.R.; Russell I.J.; Gibson G.,Current Biology,Y,2010,https://doi.org/10.1016/j.cub.2009.11.040,Male,Lab,Sweep,"100-5000 (10, 20, 30… 100, 200, 300…., 1000, 2000, 3000, 4000, 5000)",Laser Diode Interferometer,base,Active quiescent,235 +/- 14 (mean +/- SD),235,,,,Virgin,,0,N
An. coluzzi,Anopheles,coluzzi,“Singing on the Wing” as a Mechanism for Species Recognition in the Malarial Mosquito Anopheles gambiae,Pennetier C.; Warren B.; Dabiré K.R.; Russell I.J.; Gibson G.,Current Biology,Y,2010,https://doi.org/10.1016/j.cub.2009.11.040,Male,Lab,Sweep,"100-5000 (10, 20, 30… 100, 200, 300…., 1000, 2000, 3000, 4000, 5000)",Laser Diode Interferometer,base,Active SSO,540 +/- 45 (mean +/- SD),540,,,,Virgin,,0,N
An. coluzzi,Anopheles,coluzzi,“Singing on the Wing” as a Mechanism for Species Recognition in the Malarial Mosquito Anopheles gambiae,Pennetier C.; Warren B.; Dabiré K.R.; Russell I.J.; Gibson G.,Current Biology,Y,2010,https://doi.org/10.1016/j.cub.2009.11.040,Female,Lab,Sweep,"100-5000 (10, 20, 30… 100, 200, 300…., 1000, 2000, 3000, 4000, 5000)",Laser Diode Interferometer,base,Active quiescent,209 +/- 33 (mean +/- SD),209,,,,Virgin,,0,N
An. gambiae,Anopheles,gambiae,Sex and species specific hearing mechanisms in mosquito flagellar ears,Su M.P.; Andrés M.; Boyd-Gibbins N.; Somers J.; Albert J.T.,Nature Communications,Y,2018,https://doi.org/10.1038/s41467-018-06388-7,Male,Lab,Unstimulated,,LDV,2,Active quiescent,506.62 +/- 9.03 (median +/- SE),506.62,21.59,,3_8,Virgin,ZT10,22,Y
An. gambiae,Anopheles,gambiae,Sex and species specific hearing mechanisms in mosquito flagellar ears,Su M.P.; Andrés M.; Boyd-Gibbins N.; Somers J.; Albert J.T.,Nature Communications,Y,2018,https://doi.org/10.1038/s41467-018-06388-7,Male,Lab,Unstimulated,,LDV,2,Passive sedation,283.68 +/- 5.69 (median +/- SE),283.68,0.91,,3_8,Virgin,ZT10,22,Y
An. gambiae,Anopheles,gambiae,Sex and species specific hearing mechanisms in mosquito flagellar ears,Su M.P.; Andrés M.; Boyd-Gibbins N.; Somers J.; Albert J.T.,Nature Communications,Y,2018,https://doi.org/10.1038/s41467-018-06388-7,Male,Lab,Unstimulated,,LDV,2,Passive pymetrozine,319.12 +/- 10.65 (median +/- SE),319.12,1.66,,3_8,Virgin,ZT10,22,Y
An. gambiae,Anopheles,gambiae,Sex and species specific hearing mechanisms in mosquito flagellar ears,Su M.P.; Andrés M.; Boyd-Gibbins N.; Somers J.; Albert J.T.,Nature Communications,Y,2018,https://doi.org/10.1038/s41467-018-06388-7,Female,Lab,Unstimulated,,LDV,3,Active quiescent,219.7 +/- 3.55 (median +/- SE),219.7,1.19,,3_8,Virgin,ZT10,22,Y
An. gambiae,Anopheles,gambiae,Sex and species specific hearing mechanisms in mosquito flagellar ears,Su M.P.; Andrés M.; Boyd-Gibbins N.; Somers J.; Albert J.T.,Nature Communications,Y,2018,https://doi.org/10.1038/s41467-018-06388-7,Female,Lab,Unstimulated,,LDV,3,Passive sedation,325 +/- 7.44 (median +/- SE),325,0.67,,3_8,Virgin,ZT10,22,Y
An. gambiae,Anopheles,gambiae,Sex and species specific hearing mechanisms in mosquito flagellar ears,Su M.P.; Andrés M.; Boyd-Gibbins N.; Somers J.; Albert J.T.,Nature Communications,Y,2018,https://doi.org/10.1038/s41467-018-06388-7,Female,Lab,Unstimulated,,LDV,3,Passive pymetrozine,305.99 +/- 7.07 (median +/- SE),305.99,0.94,,3_8,Virgin,ZT10,22,Y
An. gambiae,Anopheles,gambiae,Chordotonal organ mechanosensory pathways as potential targets for the control of mosquito borne diseases,Su M.P.,Thesis,N,2017,https://discovery.ucl.ac.uk/id/eprint/1542425/,Male,Lab,Sweep,15-695 Hz (10 Hz),LDV,2,Active quiescent,325 +/- 4.36 (MEDIAN +/- SE),325,,,3_8,Virgin,ZT10,21.5,Y
An. gambiae,Anopheles,gambiae,Chordotonal organ mechanosensory pathways as potential targets for the control of mosquito borne diseases,Su M.P.,Thesis,N,2017,https://discovery.ucl.ac.uk/id/eprint/1542425/,Female,Lab,Sweep,15-695 Hz (10 Hz),LDV,3,Active quiescent,205 +/- 7.51 (MEDIAN +/- SE),205,,,3_8,Virgin,ZT10,21.5,Y
An. gambiae,Anopheles,gambiae,Hearing of malaria mosquitoes is modulated by a beta-adrenergic-like octopamine receptor which serves as insecticide target,Georgiades M.; Alampounti A.; Somers J.; Su M.P.; Ellis D.A.; Bagi J.; Terrazas-Duque D.; Tytheridge S.; Ntabaliba W.; Moore S.; Albert J.T.; Andrés M.,Nature Communications,Y,2023,https://doi.org/10.1038/s41467-023-40029-y,Male,Lab,Sweep,1-1000 ,LDV,,Active SSO,363 (median),363,,,,Virgin,ZT4,22,Y
An. gambiae,Anopheles,gambiae,Hearing of malaria mosquitoes is modulated by a beta-adrenergic-like octopamine receptor which serves as insecticide target,Georgiades M.; Alampounti A.; Somers J.; Su M.P.; Ellis D.A.; Bagi J.; Terrazas-Duque D.; Tytheridge S.; Ntabaliba W.; Moore S.; Albert J.T.; Andrés M.,Nature Communications,Y,2023,https://doi.org/10.1038/s41467-023-40029-y,Male,Lab,Sweep,1-1000 ,LDV,,Active SSO,356 (median),356,,,,Virgin,ZT12,22,Y
An. gambiae,Anopheles,gambiae,Hearing of malaria mosquitoes is modulated by a beta-adrenergic-like octopamine receptor which serves as insecticide target,Georgiades M.; Alampounti A.; Somers J.; Su M.P.; Ellis D.A.; Bagi J.; Terrazas-Duque D.; Tytheridge S.; Ntabaliba W.; Moore S.; Albert J.T.; Andrés M.,Nature Communications,Y,2023,https://doi.org/10.1038/s41467-023-40029-y,Male,Lab,Unstimulated,1-1000 ,LDV,,Active SSO,355 (median),355,3,,,Virgin,ZT4,22,Y
An. gambiae,Anopheles,gambiae,Hearing of malaria mosquitoes is modulated by a beta-adrenergic-like octopamine receptor which serves as insecticide target,Georgiades M.; Alampounti A.; Somers J.; Su M.P.; Ellis D.A.; Bagi J.; Terrazas-Duque D.; Tytheridge S.; Ntabaliba W.; Moore S.; Albert J.T.; Andrés M.,Nature Communications,Y,2023,https://doi.org/10.1038/s41467-023-40029-y,Male,Lab,Unstimulated,1-1000 ,LDV,,Active SSO,344 (median),344,2.9,,,Virgin,ZT12,22,Y
An. gambiae,Anopheles,gambiae,"Material, acoustic, and mechanical properties of mosquito and midge antennae",Saltin B.,Thesis,N,2020,https://doi.org/10.48730/n7s0-3093,Male,Lab,Unstimulated,,LDV,,Active SSO,379 ± 25 (median +/- SD),379,312 ± 193 (median +/- SD),,,Virgin,,0,N
Cx. pipiens,Culex,pipiens,Sex Recognition through Midflight Mating Duets in Culex Mosquitoes Is Mediated by Acoustic Distortion,Warren B.; Gibson G; Russell I.J.,Current Biology,Y,2009,https://doi.org/10.1016/j.cub.2009.01.059,Female,Lab,Sweep,"100-2000 (10, 20, 30… 100, 200, 300…., 1000, 2000)",Laser Diode Interferometer,base,Active quiescent,307 +/- 8 Hz (mean +/- SD),307,1.38 +/- 0.27 (mean +/- SD),,4_7,Virgin,ZT12-14,0,N
Cx. pipiens,Culex,pipiens,Sex Recognition through Midflight Mating Duets in Culex Mosquitoes Is Mediated by Acoustic Distortion,Warren B.; Gibson G; Russell I.J.,Current Biology,Y,2009,https://doi.org/10.1016/j.cub.2009.01.059,Male,Lab,Sweep,"100-2000 (10, 20, 30… 100, 200, 300…., 1000, 2000)",Laser Diode Interferometer,base,Active quiescent,328 +/- 3 (mean +/- SD),328,1.92 +/- 0.32 (mean +/- SD),,4_7,Virgin,ZT12-14,0,N
Cx. quinquefasciatus,Culex,quinquefasciatus,Sex and species specific hearing mechanisms in mosquito flagellar ears,Su M.P.; Andrés M.; Boyd-Gibbins N.; Somers J.; Albert J.T.,Nature Communications,Y,2018,https://doi.org/10.1038/s41467-018-06388-7,Male,Lab,Unstimulated,,LDV,2,Active quiescent,485.4 +/- 7.03 (median +/- SE),485.4,17.77,,3_8,Virgin,ZT10,22,Y
Cx. quinquefasciatus,Culex,quinquefasciatus,Sex and species specific hearing mechanisms in mosquito flagellar ears,Su M.P.; Andrés M.; Boyd-Gibbins N.; Somers J.; Albert J.T.,Nature Communications,Y,2018,https://doi.org/10.1038/s41467-018-06388-7,Male,Lab,Unstimulated,,LDV,2,Passive sedation,273.76 +/- 10.23 (median +/- SE),273.76,1,,3_8,Virgin,ZT10,22,Y
Cx. quinquefasciatus,Culex,quinquefasciatus,Sex and species specific hearing mechanisms in mosquito flagellar ears,Su M.P.; Andrés M.; Boyd-Gibbins N.; Somers J.; Albert J.T.,Nature Communications,Y,2018,https://doi.org/10.1038/s41467-018-06388-7,Male,Lab,Unstimulated,,LDV,2,Passive pymetrozine,258.68 +/- 8.65 (median +/- SE),258.68,1.16,,3_8,Virgin,ZT10,22,Y
Cx. quinquefasciatus,Culex,quinquefasciatus,Sex and species specific hearing mechanisms in mosquito flagellar ears,Su M.P.; Andrés M.; Boyd-Gibbins N.; Somers J.; Albert J.T.,Nature Communications,Y,2018,https://doi.org/10.1038/s41467-018-06388-7,Female,Lab,Unstimulated,,LDV,3,Active quiescent,212.96 +/- 2.41 (median +/- SE),212.96,6.17,,3_8,Virgin,ZT10,22,Y
Cx. quinquefasciatus,Culex,quinquefasciatus,Sex and species specific hearing mechanisms in mosquito flagellar ears,Su M.P.; Andrés M.; Boyd-Gibbins N.; Somers J.; Albert J.T.,Nature Communications,Y,2018,https://doi.org/10.1038/s41467-018-06388-7,Female,Lab,Unstimulated,,LDV,3,Passive sedation,206.45 +/- 3.32 (median +/- SE),206.45,1.11,,3_8,Virgin,ZT10,22,Y
Cx. quinquefasciatus,Culex,quinquefasciatus,Sex and species specific hearing mechanisms in mosquito flagellar ears,Su M.P.; Andrés M.; Boyd-Gibbins N.; Somers J.; Albert J.T.,Nature Communications,Y,2018,https://doi.org/10.1038/s41467-018-06388-7,Female,Lab,Unstimulated,,LDV,3,Passive pymetrozine,208.93 +/- 1.90 (median +/- SE),208.93,1.59,,3_8,Virgin,ZT10,22,Y
Cx. quinquefasciatus,Culex,quinquefasciatus,Auditory Efferent System Modulates Mosquito Hearing,Andrés M.; Seifert M.; Spalthoff C.; Warren B.; Weiss L.; Giraldo D.; Winkler M.; Pauls S.; Göpfert M.C.,Current Biology,Y,2016,https://doi.org/10.1016/j.cub.2016.05.077,Male,Lab,White noise,1-3200 Hz,LDV,,Active quiescent,367 ± 24 Hz (mean ± SD),367,,,3,Virgin,,22,Y
Cx. quinquefasciatus,Culex,quinquefasciatus,Chordotonal organ mechanosensory pathways as potential targets for the control of mosquito borne diseases,Su M.P.,Thesis,N,2017,https://discovery.ucl.ac.uk/id/eprint/1542425/,Male,Lab,Sweep,15-695 Hz (10 Hz),LDV,2,Active quiescent,335 +/- 7.43 (MEDIAN +/- SE),335,,,3_8,Virgin,ZT10,21.5,Y
Cx. quinquefasciatus,Culex,quinquefasciatus,Chordotonal organ mechanosensory pathways as potential targets for the control of mosquito borne diseases,Su M.P.,Thesis,N,2017,https://discovery.ucl.ac.uk/id/eprint/1542425/,Female,Lab,Sweep,15-695 Hz (10 Hz),LDV,3,Active quiescent,205 +/- 6.66 (MEDIAN +/- SE),205,,,3_8,Virgin,ZT10,21.5,Y
Cx. quinquefasciatus,Culex,quinquefasciatus,The dynein—tubulin motor powers active oscillations and amplification in the hearing organ of the mosquito,Warren B.; Lukashkin A.N.; Russell I.J.,Proceedings of the Royal Society B,Y,2010,https://doi.org/10.1098/rspb.2009.2355,Male,Lab,Sweep,,Laser Diode Interferometer,base,Active quiescent,354+/-45,354,6.1 +/- 1.3,,,Virgin,,23.6,Y
Cx. quinquefasciatus,Culex,quinquefasciatus,Sex Recognition through Midflight Mating Duets in Culex Mosquitoes Is Mediated by Acoustic Distortion,Warren B.; Gibson G; Russell I.J.,Current Biology,Y,2009,https://doi.org/10.1016/j.cub.2009.01.059,Female,Lab,Sweep,"100-2000 (10, 20, 30… 100, 200, 300…., 1000, 2000)",Laser Diode Interferometer,base,Active quiescent,308 +/- 8 Hz (mean +/- SD),308,1.11 +/- 0.1 (mean +/- SD),,4_7,Virgin,ZT12-14,0,N
Cx. quinquefasciatus,Culex,quinquefasciatus,Sex Recognition through Midflight Mating Duets in Culex Mosquitoes Is Mediated by Acoustic Distortion,Warren B.; Gibson G; Russell I.J.,Current Biology,Y,2009,https://doi.org/10.1016/j.cub.2009.01.059,Male,Lab,Sweep,"100-2000 (10, 20, 30… 100, 200, 300…., 1000, 2000)",Laser Diode Interferometer,base,Active quiescent,382 +/- 9 (mean +/- SD),382,1.94 +/- 0.55 (mean +/- SD),,4_7,Virgin,ZT12-14,0,N
Tx. brevipalpis,Toxorhynchites,brevipalpis,Nanometre-range acoustic sensitivity in male and female mosquitoes,Göpfert M.C.; Robert D.,Proceedings of the Royal Society B,Y,2000,https://doi.org/10.1098/rspb.2000.1021,Male,Lab,White noise,100-1000,LDV,,Active quiescent,420 +/- 5 (MEAN +/- SD),420,,4.3,,Virgin,,25,Y
Tx. brevipalpis,Toxorhynchites,brevipalpis,Nanometre-range acoustic sensitivity in male and female mosquitoes,Göpfert M.C.; Robert D.,Proceedings of the Royal Society B,Y,2000,https://doi.org/10.1098/rspb.2000.1021,Female,Lab,White noise,100-1000,LDV,,Active quiescent,244 +/- 11 (MEAN +/- SD),244,,2.8,,Virgin,,25,Y
Tx. brevipalpis,Toxorhynchites,brevipalpis,Active auditory mechanics in mosquitoes,Göpfert M.C.; Robert D.,Proceedings of the Royal Society B,Y,2001,https://doi.org/10.1098/rspb.2000.1376,Male,Lab,White noise,30-2000,LDV,,Active quiescent,430,430,,4.4 +/- 0.2,,Virgin,,23.5,Y
Tx. brevipalpis,Toxorhynchites,brevipalpis,Active auditory mechanics in mosquitoes,Göpfert M.C.; Robert D.,Proceedings of the Royal Society B,Y,2001,https://doi.org/10.1098/rspb.2000.1376,Male,Lab,White noise,30-2000,LDV,,Passive sedation,430,430,,2.9 +/- 0.3,,Virgin,,23.5,Y
Tx. brevipalpis,Toxorhynchites,brevipalpis,Active auditory mechanics in mosquitoes,Göpfert M.C.; Robert D.,Proceedings of the Royal Society B,Y,2001,https://doi.org/10.1098/rspb.2000.1376,Male,Lab,Unstimulated,,LDV,,Active SSO,430,430,,,,Virgin,,23.5,Y
Tx. brevipalpis,Toxorhynchites,brevipalpis,Active auditory mechanics in mosquitoes,Göpfert M.C.; Robert D.,Proceedings of the Royal Society B,Y,2001,https://doi.org/10.1098/rspb.2000.1376,Female,Lab,White noise,30-2000,LDV,,Active quiescent,250,250,,2.9 +/- 0.2,,Virgin,,23.5,Y
Tx. brevipalpis,Toxorhynchites,brevipalpis,Active auditory mechanics in mosquitoes,Göpfert M.C.; Robert D.,Proceedings of the Royal Society B,Y,2001,https://doi.org/10.1098/rspb.2000.1376,Female,Lab,White noise,30-2000,LDV,,Passive sedation,250,250,,1.9 +/- 0.3,,Virgin,,23.5,Y
Tx. brevipalpis,Toxorhynchites,brevipalpis,Flying in Tune: Sexual Recognition in Mosquitoes,Gibson G.; Russell I.,Current Biology,Y,2006,https://doi.org/10.1016/j.cub.2006.05.053,Male,Lab,Sweep,"100-2000 (10, 20, 30… 100, 200, 300…., 1000, 2000)",Laser Diode Interferometer,base,Active quiescent,500,500,,,,Virgin,,0,N
Tx. brevipalpis,Toxorhynchites,brevipalpis,Flying in Tune: Sexual Recognition in Mosquitoes,Gibson G.; Russell I.,Current Biology,Y,2006,https://doi.org/10.1016/j.cub.2006.05.053,Female,Lab,Sweep,"100-2000 (10, 20, 30… 100, 200, 300…., 1000, 2000)",Laser Diode Interferometer,base,Active quiescent,400,400,,,,Virgin,,0,N
Tx. brevipalpis,Toxorhynchites,brevipalpis,"Material, acoustic, and mechanical properties of mosquito and midge antennae",Saltin B.,Thesis,N,2020,https://doi.org/10.48730/n7s0-3093,Male,Lab,Unstimulated,,LDV,,Active SSO,422 ± 35 (median +/- SD),422,359 ± 94 (median +/- SD),,,Virgin,,0,N
Tx. brevipalpis,Toxorhynchites,brevipalpis,"Material, acoustic, and mechanical properties of mosquito and midge antennae",Saltin B.,Thesis,N,2020,https://doi.org/10.48730/n7s0-3093,Female,Lab,Unstimulated,,LDV,,Active quiescent,236 ± 27 (median +/- SD),236,2.1 ± 0.5 (median +/- SD),,,Virgin,,0,N
Ur. lowii,Uranotaenia,lowii,Tiny spies: mosquito antennae are sensitive sensors for eavesdropping on frog calls,Pantoja-Sánchez H.; Leavell B.C.; Rendon B.; P. de-Silva W.A.P.; Singh R.; Zhou J.; Menda G.; Hoy R.R.; Miles R.N.; Sanscrainte N.D.; Bernal X.E.,Journal of Experimental Biology,Y,2023,https://doi.org/10.1242/jeb.245359,Male,Lab,Sweep,100-1000 ,LDV,tip,Active quiescent,543.36 ± 22.04 (mean ± s.d.),543.36,,1.08 ± 0.17,,Virgin,,25,Y
Ur. lowii,Uranotaenia,lowii,Tiny spies: mosquito antennae are sensitive sensors for eavesdropping on frog calls,Pantoja-Sánchez H.; Leavell B.C.; Rendon B.; P. de-Silva W.A.P.; Singh R.; Zhou J.; Menda G.; Hoy R.R.; Miles R.N.; Sanscrainte N.D.; Bernal X.E.,Journal of Experimental Biology,Y,2023,https://doi.org/10.1242/jeb.245359,Female,Lab,Sweep,100-1000 ,LDV,tip,Active quiescent,331.5 ± 15.6 (mean ± s.d.),331.5,,1.38 ± 0.20,,Virgin,,25,Y
,,,,,,,,,,,,,,,,,,,,,,,,
,,,,,,,,,,,,,,,,,,,,,,,,
,,,,,,,,,,,,,,,,,,,,,,,,
,,,,,,,,,,,,,,,,,,,,,,,,
,,,,,,,,,,,,,,,,,,,,,,,,
,,,,,,,,,,,,,,,,,,,,,,,,
,,,,,,,,,,,,,,,,,,,,,,,,
,,,,,,,,,,,,,,,,,,,,,,,,
,,,,,,,,,,,,,,,,,,,,,,,,
,,,,,,,,,,,,,,,,,,,,,,,,
,,,,,,,,,,,,,,,,,,,,,,,,
,,,,,,,,,,,,,,,,,,,,,,,,
,,,,,,,,,,,,,,,,,,,,,,,,
,,,,,,,,,,,,,,,,,,,,,,,,
,,,,,,,,,,,,,,,,,,,,,,,,
,,,,,,,,,,,,,,,,,,,,,,,,
,,,,,,,,,,,,,,,,,,,,,,,,
,,,,,,,,,,,,,,,,,,,,,,,,
,,,,,,,,,,,,,,,,,,,,,,,,
,,,,,,,,,,,,,,,,,,,,,,,,
,,,,,,,,,,,,,,,,,,,,,,,,
,,,,,,,,,,,,,,,,,,,,,,,,
,,,,,,,,,,,,,,,,,,,,,,,,
,,,,,,,,,,,,,,,,,,,,,,,,
,,,,,,,,,,,,,,,,,,,,,,,,
,,,,,,,,,,,,,,,,,,,,,,,,
,,,,,,,,,,,,,,,,,,,,,,,,
,,,,,,,,,,,,,,,,,,,,,,,,
,,,,,,,,,,,,,,,,,,,,,,,,
,,,,,,,,,,,,,,,,,,,,,,,,
,,,,,,,,,,,,,,,,,,,,,,,,
,,,,,,,,,,,,,,,,,,,,,,,,
,,,,,,,,,,,,,,,,,,,,,,,,
,,,,,,,,,,,,,,,,,,,,,,,,
,,,,,,,,,,,,,,,,,,,,,,,,
,,,,,,,,,,,,,,,,,,,,,,,,
,,,,,,,,,,,,,,,,,,,,,,,,
,,,,,,,,,,,,,,,,,,,,,,,,
,,,,,,,,,,,,,,,,,,,,,,,,
,,,,,,,,,,,,,,,,,,,,,,,,
,,,,,,,,,,,,,,,,,,,,,,,,
,,,,,,,,,,,,,,,,,,,,,,,,
,,,,,,,,,,,,,,,,,,,,,,,,
,,,,,,,,,,,,,,,,,,,,,,,,
,,,,,,,,,,,,,,,,,,,,,,,,
,,,,,,,,,,,,,,,,,,,,,,,,
,,,,,,,,,,,,,,,,,,,,,,,,
,,,,,,,,,,,,,,,,,,,,,,,,
,,,,,,,,,,,,,,,,,,,,,,,,
,,,,,,,,,,,,,,,,,,,,,,,,
,,,,,,,,,,,,,,,,,,,,,,,,
,,,,,,,,,,,,,,,,,,,,,,,,
,,,,,,,,,,,,,,,,,,,,,,,,
,,,,,,,,,,,,,,,,,,,,,,,,
,,,,,,,,,,,,,,,,,,,,,,,,
,,,,,,,,,,,,,,,,,,,,,,,,
,,,,,,,,,,,,,,,,,,,,,,,,
,,,,,,,,,,,,,,,,,,,,,,,,
,,,,,,,,,,,,,,,,,,,,,,,,
,,,,,,,,,,,,,,,,,,,,,,,,
,,,,,,,,,,,,,,,,,,,,,,,,
,,,,,,,,,,,,,,,,,,,,,,,,
,,,,,,,,,,,,,,,,,,,,,,,,
,,,,,,,,,,,,,,,,,,,,,,,,
,,,,,,,,,,,,,,,,,,,,,,,,
,,,,,,,,,,,,,,,,,,,,,,,,
,,,,,,,,,,,,,,,,,,,,,,,,
,,,,,,,,,,,,,,,,,,,,,,,,
,,,,,,,,,,,,,,,,,,,,,,,,
,,,,,,,,,,,,,,,,,,,,,,,,
,,,,,,,,,,,,,,,,,,,,,,,,
,,,,,,,,,,,,,,,,,,,,,,,,
,,,,,,,,,,,,,,,,,,,,,,,,
,,,,,,,,,,,,,,,,,,,,,,,,
,,,,,,,,,,,,,,,,,,,,,,,,
,,,,,,,,,,,,,,,,,,,,,,,,
,,,,,,,,,,,,,,,,,,,,,,,,
,,,,,,,,,,,,,,,,,,,,,,,,
,,,,,,,,,,,,,,,,,,,,,,,,
,,,,,,,,,,,,,,,,,,,,,,,,
,,,,,,,,,,,,,,,,,,,,,,,,
,,,,,,,,,,,,,,,,,,,,,,,,
,,,,,,,,,,,,,,,,,,,,,,,,
,,,,,,,,,,,,,,,,,,,,,,,,
,,,,,,,,,,,,,,,,,,,,,,,,
,,,,,,,,,,,,,,,,,,,,,,,,
,,,,,,,,,,,,,,,,,,,,,,,,
,,,,,,,,,,,,,,,,,,,,,,,,
,,,,,,,,,,,,,,,,,,,,,,,,
,,,,,,,,,,,,,,,,,,,,,,,,
,,,,,,,,,,,,,,,,,,,,,,,,
,,,,,,,,,,,,,,,,,,,,,,,,
,,,,,,,,,,,,,,,,,,,,,,,,
,,,,,,,,,,,,,,,,,,,,,,,,
,,,,,,,,,,,,,,,,,,,,,,,,
,,,,,,,,,,,,,,,,,,,,,,,,
,,,,,,,,,,,,,,,,,,,,,,,,
,,,,,,,,,,,,,,,,,,,,,,,,
,,,,,,,,,,,,,,,,,,,,,,,,
,,,,,,,,,,,,,,,,,,,,,,,,
,,,,,,,,,,,,,,,,,,,,,,,,
,,,,,,,,,,,,,,,,,,,,,,,,
,,,,,,,,,,,,,,,,,,,,,,,,
,,,,,,,,,,,,,,,,,,,,,,,,
,,,,,,,,,,,,,,,,,,,,,,,,
,,,,,,,,,,,,,,,,,,,,,,,,
,,,,,,,,,,,,,,,,,,,,,,,,
,,,,,,,,,,,,,,,,,,,,,,,,
,,,,,,,,,,,,,,,,,,,,,,,,
,,,,,,,,,,,,,,,,,,,,,,,,
,,,,,,,,,,,,,,,,,,,,,,,,
,,,,,,,,,,,,,,,,,,,,,,,,
,,,,,,,,,,,,,,,,,,,,,,,,
,,,,,,,,,,,,,,,,,,,,,,,,
,,,,,,,,,,,,,,,,,,,,,,,,
,,,,,,,,,,,,,,,,,,,,,,,,
,,,,,,,,,,,,,,,,,,,,,,,,
,,,,,,,,,,,,,,,,,,,,,,,,
,,,,,,,,,,,,,,,,,,,,,,,,
,,,,,,,,,,,,,,,,,,,,,,,,
,,,,,,,,,,,,,,,,,,,,,,,,
,,,,,,,,,,,,,,,,,,,,,,,,
,,,,,,,,,,,,,,,,,,,,,,,,
,,,,,,,,,,,,,,,,,,,,,,,,
,,,,,,,,,,,,,,,,,,,,,,,,
,,,,,,,,,,,,,,,,,,,,,,,,
,,,,,,,,,,,,,,,,,,,,,,,,
,,,,,,,,,,,,,,,,,,,,,,,,
,,,,,,,,,,,,,,,,,,,,,,,,
,,,,,,,,,,,,,,,,,,,,,,,,
,,,,,,,,,,,,,,,,,,,,,,,,
,,,,,,,,,,,,,,,,,,,,,,,,
,,,,,,,,,,,,,,,,,,,,,,,,
,,,,,,,,,,,,,,,,,,,,,,,,
,,,,,,,,,,,,,,,,,,,,,,,,
,,,,,,,,,,,,,,,,,,,,,,,,
,,,,,,,,,,,,,,,,,,,,,,,,
,,,,,,,,,,,,,,,,,,,,,,,,
,,,,,,,,,,,,,,,,,,,,,,,,
,,,,,,,,,,,,,,,,,,,,,,,,
,,,,,,,,,,,,,,,,,,,,,,,,
,,,,,,,,,,,,,,,,,,,,,,,,
,,,,,,,,,,,,,,,,,,,,,,,,
,,,,,,,,,,,,,,,,,,,,,,,,
,,,,,,,,,,,,,,,,,,,,,,,,
,,,,,,,,,,,,,,,,,,,,,,,,
,,,,,,,,,,,,,,,,,,,,,,,,
,,,,,,,,,,,,,,,,,,,,,,,,
,,,,,,,,,,,,,,,,,,,,,,,,
,,,,,,,,,,,,,,,,,,,,,,,,
,,,,,,,,,,,,,,,,,,,,,,,,
,,,,,,,,,,,,,,,,,,,,,,,,
,,,,,,,,,,,,,,,,,,,,,,,,
,,,,,,,,,,,,,,,,,,,,,,,,
,,,,,,,,,,,,,,,,,,,,,,,,
,,,,,,,,,,,,,,,,,,,,,,,,
,,,,,,,,,,,,,,,,,,,,,,,,
,,,,,,,,,,,,,,,,,,,,,,,,
,,,,,,,,,,,,,,,,,,,,,,,,
,,,,,,,,,,,,,,,,,,,,,,,,
,,,,,,,,,,,,,,,,,,,,,,,,
,,,,,,,,,,,,,,,,,,,,,,,,
,,,,,,,,,,,,,,,,,,,,,,,,
,,,,,,,,,,,,,,,,,,,,,,,,
,,,,,,,,,,,,,,,,,,,,,,,,
,,,,,,,,,,,,,,,,,,,,,,,,
,,,,,,,,,,,,,,,,,,,,,,,,
,,,,,,,,,,,,,,,,,,,,,,,,
,,,,,,,,,,,,,,,,,,,,,,,,
,,,,,,,,,,,,,,,,,,,,,,,,
,,,,,,,,,,,,,,,,,,,,,,,,
,,,,,,,,,,,,,,,,,,,,,,,,
,,,,,,,,,,,,,,,,,,,,,,,,
,,,,,,,,,,,,,,,,,,,,,,,,
,,,,,,,,,,,,,,,,,,,,,,,,
,,,,,,,,,,,,,,,,,,,,,,,,
,,,,,,,,,,,,,,,,,,,,,,,,
,,,,,,,,,,,,,,,,,,,,,,,,
,,,,,,,,,,,,,,,,,,,,,,,,
,,,,,,,,,,,,,,,,,,,,,,,,
,,,,,,,,,,,,,,,,,,,,,,,,
,,,,,,,,,,,,,,,,,,,,,,,,
,,,,,,,,,,,,,,,,,,,,,,,,
,,,,,,,,,,,,,,,,,,,,,,,,
,,,,,,,,,,,,,,,,,,,,,,,,
,,,,,,,,,,,,,,,,,,,,,,,,
,,,,,,,,,,,,,,,,,,,,,,,,
,,,,,,,,,,,,,,,,,,,,,,,,
,,,,,,,,,,,,,,,,,,,,,,,,
,,,,,,,,,,,,,,,,,,,,,,,,
,,,,,,,,,,,,,,,,,,,,,,,,
,,,,,,,,,,,,,,,,,,,,,,,,
,,,,,,,,,,,,,,,,,,,,,,,,
,,,,,,,,,,,,,,,,,,,,,,,,
,,,,,,,,,,,,,,,,,,,,,,,,
,,,,,,,,,,,,,,,,,,,,,,,,
,,,,,,,,,,,,,,,,,,,,,,,,
,,,,,,,,,,,,,,,,,,,,,,,,
,,,,,,,,,,,,,,,,,,,,,,,,
,,,,,,,,,,,,,,,,,,,,,,,,
,,,,,,,,,,,,,,,,,,,,,,,,
,,,,,,,,,,,,,,,,,,,,,,,,
,,,,,,,,,,,,,,,,,,,,,,,,
,,,,,,,,,,,,,,,,,,,,,,,,
,,,,,,,,,,,,,,,,,,,,,,,,
,,,,,,,,,,,,,,,,,,,,,,,,
,,,,,,,,,,,,,,,,,,,,,,,,
,,,,,,,,,,,,,,,,,,,,,,,,
,,,,,,,,,,,,,,,,,,,,,,,,
,,,,,,,,,,,,,,,,,,,,,,,,
,,,,,,,,,,,,,,,,,,,,,,,,
,,,,,,,,,,,,,,,,,,,,,,,,
,,,,,,,,,,,,,,,,,,,,,,,,
,,,,,,,,,,,,,,,,,,,,,,,,
,,,,,,,,,,,,,,,,,,,,,,,,
,,,,,,,,,,,,,,,,,,,,,,,,
,,,,,,,,,,,,,,,,,,,,,,,,
,,,,,,,,,,,,,,,,,,,,,,,,
,,,,,,,,,,,,,,,,,,,,,,,,
,,,,,,,,,,,,,,,,,,,,,,,,
,,,,,,,,,,,,,,,,,,,,,,,,
,,,,,,,,,,,,,,,,,,,,,,,,
,,,,,,,,,,,,,,,,,,,,,,,,
,,,,,,,,,,,,,,,,,,,,,,,,
,,,,,,,,,,,,,,,,,,,,,,,,
,,,,,,,,,,,,,,,,,,,,,,,,
,,,,,,,,,,,,,,,,,,,,,,,,
,,,,,,,,,,,,,,,,,,,,,,,,
,,,,,,,,,,,,,,,,,,,,,,,,
,,,,,,,,,,,,,,,,,,,,,,,,
,,,,,,,,,,,,,,,,,,,,,,,,
,,,,,,,,,,,,,,,,,,,,,,,,
,,,,,,,,,,,,,,,,,,,,,,,,
,,,,,,,,,,,,,,,,,,,,,,,,
,,,,,,,,,,,,,,,,,,,,,,,,
,,,,,,,,,,,,,,,,,,,,,,,,
,,,,,,,,,,,,,,,,,,,,,,,,
,,,,,,,,,,,,,,,,,,,,,,,,
,,,,,,,,,,,,,,,,,,,,,,,,
,,,,,,,,,,,,,,,,,,,,,,,,
,,,,,,,,,,,,,,,,,,,,,,,,
,,,,,,,,,,,,,,,,,,,,,,,,
,,,,,,,,,,,,,,,,,,,,,,,,
,,,,,,,,,,,,,,,,,,,,,,,,
,,,,,,,,,,,,,,,,,,,,,,,,
,,,,,,,,,,,,,,,,,,,,,,,,
,,,,,,,,,,,,,,,,,,,,,,,,
,,,,,,,,,,,,,,,,,,,,,,,,
,,,,,,,,,,,,,,,,,,,,,,,,
,,,,,,,,,,,,,,,,,,,,,,,,
,,,,,,,,,,,,,,,,,,,,,,,,
,,,,,,,,,,,,,,,,,,,,,,,,
,,,,,,,,,,,,,,,,,,,,,,,,
,,,,,,,,,,,,,,,,,,,,,,,,
,,,,,,,,,,,,,,,,,,,,,,,,
,,,,,,,,,,,,,,,,,,,,,,,,
,,,,,,,,,,,,,,,,,,,,,,,,
,,,,,,,,,,,,,,,,,,,,,,,,
,,,,,,,,,,,,,,,,,,,,,,,,
,,,,,,,,,,,,,,,,,,,,,,,,
,,,,,,,,,,,,,,,,,,,,,,,,
,,,,,,,,,,,,,,,,,,,,,,,,
,,,,,,,,,,,,,,,,,,,,,,,,
,,,,,,,,,,,,,,,,,,,,,,,,
,,,,,,,,,,,,,,,,,,,,,,,,
,,,,,,,,,,,,,,,,,,,,,,,,
,,,,,,,,,,,,,,,,,,,,,,,,
,,,,,,,,,,,,,,,,,,,,,,,,
,,,,,,,,,,,,,,,,,,,,,,,,
,,,,,,,,,,,,,,,,,,,,,,,,
,,,,,,,,,,,,,,,,,,,,,,,,
,,,,,,,,,,,,,,,,,,,,,,,,
,,,,,,,,,,,,,,,,,,,,,,,,
,,,,,,,,,,,,,,,,,,,,,,,,
,,,,,,,,,,,,,,,,,,,,,,,,
,,,,,,,,,,,,,,,,,,,,,,,,
,,,,,,,,,,,,,,,,,,,,,,,,
,,,,,,,,,,,,,,,,,,,,,,,,
,,,,,,,,,,,,,,,,,,,,,,,,
,,,,,,,,,,,,,,,,,,,,,,,,
,,,,,,,,,,,,,,,,,,,,,,,,
,,,,,,,,,,,,,,,,,,,,,,,,
,,,,,,,,,,,,,,,,,,,,,,,,
,,,,,,,,,,,,,,,,,,,,,,,,
,,,,,,,,,,,,,,,,,,,,,,,,
,,,,,,,,,,,,,,,,,,,,,,,,
