Group,Genus,Species,Paper,Authors,Journal,Year,Link,Sex,Experiment_location,Stimuli_type,Phono_stim_frequency,Amplitude,Stimulus_duration,Scoring_method,Trap_brand,Control_used,Response,Response_percentage,Number_of_replicate,No_of_indiv_per_replicate,Type,Group_Individual,Rearing_temperature,Experimental_time,Circadian_LD_entrainment_cycle,Age,Mating_status,Size_Larval_Density,frequency_type_count,median_response_percentage,Normalised frequency response
Ae. aegypti,Aedes,aegypti,Determinants of male Aedes aegypti and Aedes polynesiensis (Diptera: Culicidae) response to sound: efficacy and considerations for use of sound traps in the field.,Stone C.M.; Tuten H.C.; S L Dobson S.L.,Journal of Medical Entomology,2013,https://doi.org/10.1603/me13023,Male,Lab,Pure_tone,465,93 dB (2 cm in front of speaker),1h continuous sound emission,Attraction,"sound-baited, CDC miniature light trap",trap with speaker but no sound played,76.2 (n=3) (mean),76.2,3,38-60,Lab,Group,29,between 0800 and 1000 hours,16 L:8 D,7,Virgin,NA,8,55,0.733333333
Ae. aegypti,Aedes,aegypti,Determinants of male Aedes aegypti and Aedes polynesiensis (Diptera: Culicidae) response to sound: efficacy and considerations for use of sound traps in the field.,Stone C.M.; Tuten H.C.; S L Dobson S.L.,Journal of Medical Entomology,2013,https://doi.org/10.1603/me13023,Male,Lab,Pure_tone,440,57.8 dB (2 cm in front of the earbud),"10s/tone, 20 mins silence between tones",Bending,-,-,25% (1-2 days old) (mean),25,-,38-60,Lab,Individual,29,between 0800 and 1000 hours,16 L:8 D,1.5,Virgin,NA,8,40,0.533333333
Ae. aegypti,Aedes,aegypti,Determinants of male Aedes aegypti and Aedes polynesiensis (Diptera: Culicidae) response to sound: efficacy and considerations for use of sound traps in the field.,Stone C.M.; Tuten H.C.; S L Dobson S.L.,Journal of Medical Entomology,2013,https://doi.org/10.1603/me13023,Male,Lab,Pure_tone,490,57.8 dB (2 cm in front of the earbud),"10s/tone, 20 mins silence between tones",Bending,-,-,25% (1-2 days old) (mean),25,-,38-60,Lab,Individual,29,between 0800 and 1000 hours,16 L:8 D,1.5,Virgin,NA,8,60,0.8
Ae. aegypti,Aedes,aegypti,Determinants of male Aedes aegypti and Aedes polynesiensis (Diptera: Culicidae) response to sound: efficacy and considerations for use of sound traps in the field.,Stone C.M.; Tuten H.C.; S L Dobson S.L.,Journal of Medical Entomology,2013,https://doi.org/10.1603/me13023,Male,Lab,Pure_tone,350,57.8 dB (2 cm in front of the earbud),"10s/tone, 20 mins silence between tones",Bending,-,-,10% (n=200) (mean) (Low density),10,-,200,Lab,Individual,29,between 0800 and 1000 hours,16 L:8 D,7,Virgin,Low,8,7.5,0.1
Ae. aegypti,Aedes,aegypti,Determinants of male Aedes aegypti and Aedes polynesiensis (Diptera: Culicidae) response to sound: efficacy and considerations for use of sound traps in the field.,Stone C.M.; Tuten H.C.; S L Dobson S.L.,Journal of Medical Entomology,2013,https://doi.org/10.1603/me13023,Male,Lab,Pure_tone,400,57.8 dB (2 cm in front of the earbud),"10s/tone, 20 mins silence between tones",Bending,-,-,60% (n=200) (mean) (Low density),60,-,200,Lab,Individual,29,between 0800 and 1000 hours,16 L:8 D,7,Virgin,Low,8,52.5,0.7
Ae. aegypti,Aedes,aegypti,Determinants of male Aedes aegypti and Aedes polynesiensis (Diptera: Culicidae) response to sound: efficacy and considerations for use of sound traps in the field.,Stone C.M.; Tuten H.C.; S L Dobson S.L.,Journal of Medical Entomology,2013,https://doi.org/10.1603/me13023,Male,Lab,Pure_tone,450,57.8 dB (2 cm in front of the earbud),"10s/tone, 20 mins silence between tones",Bending,-,-,70% (n=200) (mean) (Low density),70,-,200,Lab,Individual,29,between 0800 and 1000 hours,16 L:8 D,7,Virgin,Low,8,75,1
Ae. aegypti,Aedes,aegypti,Determinants of male Aedes aegypti and Aedes polynesiensis (Diptera: Culicidae) response to sound: efficacy and considerations for use of sound traps in the field.,Stone C.M.; Tuten H.C.; S L Dobson S.L.,Journal of Medical Entomology,2013,https://doi.org/10.1603/me13023,Male,Lab,Pure_tone,500,57.8 dB (2 cm in front of the earbud),"10s/tone, 20 mins silence between tones",Bending,-,-,80% (n=200) (mean) (Low density),80,-,200,Lab,Individual,29,between 0800 and 1000 hours,16 L:8 D,7,Virgin,Low,8,65,0.866666667
Ae. aegypti,Aedes,aegypti,Determinants of male Aedes aegypti and Aedes polynesiensis (Diptera: Culicidae) response to sound: efficacy and considerations for use of sound traps in the field.,Stone C.M.; Tuten H.C.; S L Dobson S.L.,Journal of Medical Entomology,2013,https://doi.org/10.1603/me13023,Male,Lab,Pure_tone,550,57.8 dB (2 cm in front of the earbud),"10s/tone, 20 mins silence between tones",Bending,-,-,60% (n=200) (mean) (Low density),60,-,200,Lab,Individual,29,between 0800 and 1000 hours,16 L:8 D,7,Virgin,Low,8,70,0.933333333
Ae. aegypti,Aedes,aegypti,Flight Responses to Various Sounds by Adult Males of Aedes aegypti (L.) (Diptera: Culicidae),Wishart G.; Riordan D.F.,The Canadian Entomologist,1959,https://doi.org/10.4039/Ent91181-3,Male,Lab,Pure_tone,300,75 dB,5 seconds,Attraction,vacuum,-,"300 Hz: 7, 350: 16.8, 400: 6.7, 450: 3.0, 500: 1.5, 550: 0.9, 600: 1.5, 650: 0.4, 700: 0, 750: 0.4, 800: 0.4",7,2,60,Lab,Group,23-24,-,-,1,Virgin,NA,11,3.3,0.078014184
Ae. aegypti,Aedes,aegypti,Flight Responses to Various Sounds by Adult Males of Aedes aegypti (L.) (Diptera: Culicidae),Wishart G.; Riordan D.F.,The Canadian Entomologist,1959,https://doi.org/10.4039/Ent91181-3,Male,Lab,Pure_tone,350,75 dB,5 seconds,Attraction,vacuum,-,"300 Hz: 7, 350: 16.8, 400: 6.7, 450: 3.0, 500: 1.5, 550: 0.9, 600: 1.5, 650: 0.4, 700: 0, 750: 0.4, 800: 0.4",16.8,2,60,Lab,Group,23-24,-,-,1,Virgin,NA,11,24.5,0.579196217
Ae. aegypti,Aedes,aegypti,Flight Responses to Various Sounds by Adult Males of Aedes aegypti (L.) (Diptera: Culicidae),Wishart G.; Riordan D.F.,The Canadian Entomologist,1959,https://doi.org/10.4039/Ent91181-3,Male,Lab,Pure_tone,400,75 dB,5 seconds,Attraction,vacuum,-,"300 Hz: 7, 350: 16.8, 400: 6.7, 450: 3.0, 500: 1.5, 550: 0.9, 600: 1.5, 650: 0.4, 700: 0, 750: 0.4, 800: 0.4",6.7,2,60,Lab,Group,23-24,-,-,1,Virgin,NA,11,35.6,0.841607565
Ae. aegypti,Aedes,aegypti,Flight Responses to Various Sounds by Adult Males of Aedes aegypti (L.) (Diptera: Culicidae),Wishart G.; Riordan D.F.,The Canadian Entomologist,1959,https://doi.org/10.4039/Ent91181-3,Male,Lab,Pure_tone,450,75 dB,5 seconds,Attraction,vacuum,-,"300 Hz: 7, 350: 16.8, 400: 6.7, 450: 3.0, 500: 1.5, 550: 0.9, 600: 1.5, 650: 0.4, 700: 0, 750: 0.4, 800: 0.4",3,2,60,Lab,Group,23-24,-,-,1,Virgin,NA,11,35.45,0.838061466
Ae. aegypti,Aedes,aegypti,Flight Responses to Various Sounds by Adult Males of Aedes aegypti (L.) (Diptera: Culicidae),Wishart G.; Riordan D.F.,The Canadian Entomologist,1959,https://doi.org/10.4039/Ent91181-3,Male,Lab,Pure_tone,500,75 dB,5 seconds,Attraction,vacuum,-,"300 Hz: 7, 350: 16.8, 400: 6.7, 450: 3.0, 500: 1.5, 550: 0.9, 600: 1.5, 650: 0.4, 700: 0, 750: 0.4, 800: 0.4",1.5,2,60,Lab,Group,23-24,-,-,1,Virgin,NA,11,41.85,0.989361702
Ae. aegypti,Aedes,aegypti,Flight Responses to Various Sounds by Adult Males of Aedes aegypti (L.) (Diptera: Culicidae),Wishart G.; Riordan D.F.,The Canadian Entomologist,1959,https://doi.org/10.4039/Ent91181-3,Male,Lab,Pure_tone,550,75 dB,5 seconds,Attraction,vacuum,-,"300 Hz: 7, 350: 16.8, 400: 6.7, 450: 3.0, 500: 1.5, 550: 0.9, 600: 1.5, 650: 0.4, 700: 0, 750: 0.4, 800: 0.4",0.9,2,60,Lab,Group,23-24,-,-,1,Virgin,NA,11,42.3,1
Ae. aegypti,Aedes,aegypti,Flight Responses to Various Sounds by Adult Males of Aedes aegypti (L.) (Diptera: Culicidae),Wishart G.; Riordan D.F.,The Canadian Entomologist,1959,https://doi.org/10.4039/Ent91181-3,Male,Lab,Pure_tone,600,75 dB,5 seconds,Attraction,vacuum,-,"300 Hz: 7, 350: 16.8, 400: 6.7, 450: 3.0, 500: 1.5, 550: 0.9, 600: 1.5, 650: 0.4, 700: 0, 750: 0.4, 800: 0.4",1.5,2,60,Lab,Group,23-24,-,-,1,Virgin,NA,11,39.35,0.930260047
Ae. aegypti,Aedes,aegypti,Flight Responses to Various Sounds by Adult Males of Aedes aegypti (L.) (Diptera: Culicidae),Wishart G.; Riordan D.F.,The Canadian Entomologist,1959,https://doi.org/10.4039/Ent91181-3,Male,Lab,Pure_tone,650,75 dB,5 seconds,Attraction,vacuum,-,"300 Hz: 7, 350: 16.8, 400: 6.7, 450: 3.0, 500: 1.5, 550: 0.9, 600: 1.5, 650: 0.4, 700: 0, 750: 0.4, 800: 0.4",0.4,2,60,Lab,Group,23-24,-,-,1,Virgin,NA,11,17.15,0.405437352
Ae. aegypti,Aedes,aegypti,Flight Responses to Various Sounds by Adult Males of Aedes aegypti (L.) (Diptera: Culicidae),Wishart G.; Riordan D.F.,The Canadian Entomologist,1959,https://doi.org/10.4039/Ent91181-3,Male,Lab,Pure_tone,700,75 dB,5 seconds,Attraction,vacuum,-,"300 Hz: 7, 350: 16.8, 400: 6.7, 450: 3.0, 500: 1.5, 550: 0.9, 600: 1.5, 650: 0.4, 700: 0, 750: 0.4, 800: 0.4",0,2,60,Lab,Group,23-24,-,-,1,Virgin,NA,11,7.65,0.180851064
Ae. aegypti,Aedes,aegypti,Flight Responses to Various Sounds by Adult Males of Aedes aegypti (L.) (Diptera: Culicidae),Wishart G.; Riordan D.F.,The Canadian Entomologist,1959,https://doi.org/10.4039/Ent91181-3,Male,Lab,Pure_tone,750,75 dB,5 seconds,Attraction,vacuum,-,"300 Hz: 7, 350: 16.8, 400: 6.7, 450: 3.0, 500: 1.5, 550: 0.9, 600: 1.5, 650: 0.4, 700: 0, 750: 0.4, 800: 0.4",0.4,2,60,Lab,Group,23-24,-,-,1,Virgin,NA,11,3.4,0.080378251
Ae. aegypti,Aedes,aegypti,Flight Responses to Various Sounds by Adult Males of Aedes aegypti (L.) (Diptera: Culicidae),Wishart G.; Riordan D.F.,The Canadian Entomologist,1959,https://doi.org/10.4039/Ent91181-3,Male,Lab,Pure_tone,800,75 dB,5 seconds,Attraction,vacuum,-,"300 Hz: 7, 350: 16.8, 400: 6.7, 450: 3.0, 500: 1.5, 550: 0.9, 600: 1.5, 650: 0.4, 700: 0, 750: 0.4, 800: 0.4",0.4,2,60,Lab,Group,23-24,-,-,1,Virgin,NA,11,0.7,0.016548463
Ae. aegypti,Aedes,aegypti,Differences in Male Mating Response and Female Flight Sounds in Aedes aegypti and Ae. albopictus,Duhrkopf R.E.; Hartberg W.K.,Journal of Medical Entomology,1992,https://doi.org/10.1093/jmedent/29.5.796,Male,Lab,Pure_tone,345,30 dB,"3s/tone, each tone played thrice with 3s intervals",Bending,-,-,0,0,-,200,Lab,Group,26 ± 0.5,-,-,2,Virgin,NA,31,0,0
Ae. aegypti,Aedes,aegypti,Differences in Male Mating Response and Female Flight Sounds in Aedes aegypti and Ae. albopictus,Duhrkopf R.E.; Hartberg W.K.,Journal of Medical Entomology,1992,https://doi.org/10.1093/jmedent/29.5.796,Male,Lab,Pure_tone,355,30 dB,"3s/tone, each tone played thrice with 3s intervals",Bending,-,-,1,1,-,200,Lab,Group,26 ± 0.5,-,-,2,Virgin,NA,31,1,0.041666667
Ae. aegypti,Aedes,aegypti,Differences in Male Mating Response and Female Flight Sounds in Aedes aegypti and Ae. albopictus,Duhrkopf R.E.; Hartberg W.K.,Journal of Medical Entomology,1992,https://doi.org/10.1093/jmedent/29.5.796,Male,Lab,Pure_tone,365,30 dB,"3s/tone, each tone played thrice with 3s intervals",Bending,-,-,4,4,-,200,Lab,Group,26 ± 0.5,-,-,2,Virgin,NA,31,4,0.166666667
Ae. aegypti,Aedes,aegypti,Differences in Male Mating Response and Female Flight Sounds in Aedes aegypti and Ae. albopictus,Duhrkopf R.E.; Hartberg W.K.,Journal of Medical Entomology,1992,https://doi.org/10.1093/jmedent/29.5.796,Male,Lab,Pure_tone,375,30 dB,"3s/tone, each tone played thrice with 3s intervals",Bending,-,-,3,3,-,200,Lab,Group,26 ± 0.5,-,-,2,Virgin,NA,31,3,0.125
Ae. aegypti,Aedes,aegypti,Differences in Male Mating Response and Female Flight Sounds in Aedes aegypti and Ae. albopictus,Duhrkopf R.E.; Hartberg W.K.,Journal of Medical Entomology,1992,https://doi.org/10.1093/jmedent/29.5.796,Male,Lab,Pure_tone,385,30 dB,"3s/tone, each tone played thrice with 3s intervals",Bending,-,-,3,3,-,200,Lab,Group,26 ± 0.5,-,-,2,Virgin,NA,31,3,0.125
Ae. aegypti,Aedes,aegypti,Differences in Male Mating Response and Female Flight Sounds in Aedes aegypti and Ae. albopictus,Duhrkopf R.E.; Hartberg W.K.,Journal of Medical Entomology,1992,https://doi.org/10.1093/jmedent/29.5.796,Male,Lab,Pure_tone,395,30 dB,"3s/tone, each tone played thrice with 3s intervals",Bending,-,-,1,1,-,200,Lab,Group,26 ± 0.5,-,-,2,Virgin,NA,31,1,0.041666667
Ae. aegypti,Aedes,aegypti,Differences in Male Mating Response and Female Flight Sounds in Aedes aegypti and Ae. albopictus,Duhrkopf R.E.; Hartberg W.K.,Journal of Medical Entomology,1992,https://doi.org/10.1093/jmedent/29.5.796,Male,Lab,Pure_tone,405,30 dB,"3s/tone, each tone played thrice with 3s intervals",Bending,-,-,5,5,-,200,Lab,Group,26 ± 0.5,-,-,2,Virgin,NA,31,5,0.208333333
Ae. aegypti,Aedes,aegypti,Differences in Male Mating Response and Female Flight Sounds in Aedes aegypti and Ae. albopictus,Duhrkopf R.E.; Hartberg W.K.,Journal of Medical Entomology,1992,https://doi.org/10.1093/jmedent/29.5.796,Male,Lab,Pure_tone,415,30 dB,"3s/tone, each tone played thrice with 3s intervals",Bending,-,-,12,12,-,200,Lab,Group,26 ± 0.5,-,-,2,Virgin,NA,31,12,0.5
Ae. aegypti,Aedes,aegypti,Differences in Male Mating Response and Female Flight Sounds in Aedes aegypti and Ae. albopictus,Duhrkopf R.E.; Hartberg W.K.,Journal of Medical Entomology,1992,https://doi.org/10.1093/jmedent/29.5.796,Male,Lab,Pure_tone,425,30 dB,"3s/tone, each tone played thrice with 3s intervals",Bending,-,-,19,19,-,200,Lab,Group,26 ± 0.5,-,-,2,Virgin,NA,31,19,0.791666667
Ae. aegypti,Aedes,aegypti,Differences in Male Mating Response and Female Flight Sounds in Aedes aegypti and Ae. albopictus,Duhrkopf R.E.; Hartberg W.K.,Journal of Medical Entomology,1992,https://doi.org/10.1093/jmedent/29.5.796,Male,Lab,Pure_tone,435,30 dB,"3s/tone, each tone played thrice with 3s intervals",Bending,-,-,15,15,-,200,Lab,Group,26 ± 0.5,-,-,2,Virgin,NA,31,15,0.625
Ae. aegypti,Aedes,aegypti,Differences in Male Mating Response and Female Flight Sounds in Aedes aegypti and Ae. albopictus,Duhrkopf R.E.; Hartberg W.K.,Journal of Medical Entomology,1992,https://doi.org/10.1093/jmedent/29.5.796,Male,Lab,Pure_tone,445,30 dB,"3s/tone, each tone played thrice with 3s intervals",Bending,-,-,12,12,-,200,Lab,Group,26 ± 0.5,-,-,2,Virgin,NA,31,12,0.5
Ae. aegypti,Aedes,aegypti,Differences in Male Mating Response and Female Flight Sounds in Aedes aegypti and Ae. albopictus,Duhrkopf R.E.; Hartberg W.K.,Journal of Medical Entomology,1992,https://doi.org/10.1093/jmedent/29.5.796,Male,Lab,Pure_tone,455,30 dB,"3s/tone, each tone played thrice with 3s intervals",Bending,-,-,15,15,-,200,Lab,Group,26 ± 0.5,-,-,2,Virgin,NA,31,15,0.625
Ae. aegypti,Aedes,aegypti,Differences in Male Mating Response and Female Flight Sounds in Aedes aegypti and Ae. albopictus,Duhrkopf R.E.; Hartberg W.K.,Journal of Medical Entomology,1992,https://doi.org/10.1093/jmedent/29.5.796,Male,Lab,Pure_tone,465,30 dB,"3s/tone, each tone played thrice with 3s intervals",Bending,-,-,24,24,-,200,Lab,Group,26 ± 0.5,-,-,2,Virgin,NA,31,24,1
Ae. aegypti,Aedes,aegypti,Differences in Male Mating Response and Female Flight Sounds in Aedes aegypti and Ae. albopictus,Duhrkopf R.E.; Hartberg W.K.,Journal of Medical Entomology,1992,https://doi.org/10.1093/jmedent/29.5.796,Male,Lab,Pure_tone,475,30 dB,"3s/tone, each tone played thrice with 3s intervals",Bending,-,-,15,15,-,200,Lab,Group,26 ± 0.5,-,-,2,Virgin,NA,31,15,0.625
Ae. aegypti,Aedes,aegypti,Differences in Male Mating Response and Female Flight Sounds in Aedes aegypti and Ae. albopictus,Duhrkopf R.E.; Hartberg W.K.,Journal of Medical Entomology,1992,https://doi.org/10.1093/jmedent/29.5.796,Male,Lab,Pure_tone,485,30 dB,"3s/tone, each tone played thrice with 3s intervals",Bending,-,-,12,12,-,200,Lab,Group,26 ± 0.5,-,-,2,Virgin,NA,31,12,0.5
Ae. aegypti,Aedes,aegypti,Differences in Male Mating Response and Female Flight Sounds in Aedes aegypti and Ae. albopictus,Duhrkopf R.E.; Hartberg W.K.,Journal of Medical Entomology,1992,https://doi.org/10.1093/jmedent/29.5.796,Male,Lab,Pure_tone,495,30 dB,"3s/tone, each tone played thrice with 3s intervals",Bending,-,-,12,12,-,200,Lab,Group,26 ± 0.5,-,-,2,Virgin,NA,31,12,0.5
Ae. aegypti,Aedes,aegypti,Differences in Male Mating Response and Female Flight Sounds in Aedes aegypti and Ae. albopictus,Duhrkopf R.E.; Hartberg W.K.,Journal of Medical Entomology,1992,https://doi.org/10.1093/jmedent/29.5.796,Male,Lab,Pure_tone,505,30 dB,"3s/tone, each tone played thrice with 3s intervals",Bending,-,-,15,15,-,200,Lab,Group,26 ± 0.5,-,-,2,Virgin,NA,31,15,0.625
Ae. aegypti,Aedes,aegypti,Differences in Male Mating Response and Female Flight Sounds in Aedes aegypti and Ae. albopictus,Duhrkopf R.E.; Hartberg W.K.,Journal of Medical Entomology,1992,https://doi.org/10.1093/jmedent/29.5.796,Male,Lab,Pure_tone,515,30 dB,"3s/tone, each tone played thrice with 3s intervals",Bending,-,-,11,11,-,200,Lab,Group,26 ± 0.5,-,-,2,Virgin,NA,31,11,0.458333333
Ae. aegypti,Aedes,aegypti,Differences in Male Mating Response and Female Flight Sounds in Aedes aegypti and Ae. albopictus,Duhrkopf R.E.; Hartberg W.K.,Journal of Medical Entomology,1992,https://doi.org/10.1093/jmedent/29.5.796,Male,Lab,Pure_tone,525,30 dB,"3s/tone, each tone played thrice with 3s intervals",Bending,-,-,14,14,-,200,Lab,Group,26 ± 0.5,-,-,2,Virgin,NA,31,14,0.583333333
Ae. aegypti,Aedes,aegypti,Differences in Male Mating Response and Female Flight Sounds in Aedes aegypti and Ae. albopictus,Duhrkopf R.E.; Hartberg W.K.,Journal of Medical Entomology,1992,https://doi.org/10.1093/jmedent/29.5.796,Male,Lab,Pure_tone,535,30 dB,"3s/tone, each tone played thrice with 3s intervals",Bending,-,-,14,14,-,200,Lab,Group,26 ± 0.5,-,-,2,Virgin,NA,31,14,0.583333333
Ae. aegypti,Aedes,aegypti,Differences in Male Mating Response and Female Flight Sounds in Aedes aegypti and Ae. albopictus,Duhrkopf R.E.; Hartberg W.K.,Journal of Medical Entomology,1992,https://doi.org/10.1093/jmedent/29.5.796,Male,Lab,Pure_tone,545,30 dB,"3s/tone, each tone played thrice with 3s intervals",Bending,-,-,10,10,-,200,Lab,Group,26 ± 0.5,-,-,2,Virgin,NA,31,10,0.416666667
Ae. aegypti,Aedes,aegypti,Differences in Male Mating Response and Female Flight Sounds in Aedes aegypti and Ae. albopictus,Duhrkopf R.E.; Hartberg W.K.,Journal of Medical Entomology,1992,https://doi.org/10.1093/jmedent/29.5.796,Male,Lab,Pure_tone,555,30 dB,"3s/tone, each tone played thrice with 3s intervals",Bending,-,-,10,10,-,200,Lab,Group,26 ± 0.5,-,-,2,Virgin,NA,31,10,0.416666667
Ae. aegypti,Aedes,aegypti,Differences in Male Mating Response and Female Flight Sounds in Aedes aegypti and Ae. albopictus,Duhrkopf R.E.; Hartberg W.K.,Journal of Medical Entomology,1992,https://doi.org/10.1093/jmedent/29.5.796,Male,Lab,Pure_tone,565,30 dB,"3s/tone, each tone played thrice with 3s intervals",Bending,-,-,11,11,-,200,Lab,Group,26 ± 0.5,-,-,2,Virgin,NA,31,11,0.458333333
Ae. aegypti,Aedes,aegypti,Differences in Male Mating Response and Female Flight Sounds in Aedes aegypti and Ae. albopictus,Duhrkopf R.E.; Hartberg W.K.,Journal of Medical Entomology,1992,https://doi.org/10.1093/jmedent/29.5.796,Male,Lab,Pure_tone,575,30 dB,"3s/tone, each tone played thrice with 3s intervals",Bending,-,-,11,11,-,200,Lab,Group,26 ± 0.5,-,-,2,Virgin,NA,31,11,0.458333333
Ae. aegypti,Aedes,aegypti,Differences in Male Mating Response and Female Flight Sounds in Aedes aegypti and Ae. albopictus,Duhrkopf R.E.; Hartberg W.K.,Journal of Medical Entomology,1992,https://doi.org/10.1093/jmedent/29.5.796,Male,Lab,Pure_tone,585,30 dB,"3s/tone, each tone played thrice with 3s intervals",Bending,-,-,10,10,-,200,Lab,Group,26 ± 0.5,-,-,2,Virgin,NA,31,10,0.416666667
Ae. aegypti,Aedes,aegypti,Differences in Male Mating Response and Female Flight Sounds in Aedes aegypti and Ae. albopictus,Duhrkopf R.E.; Hartberg W.K.,Journal of Medical Entomology,1992,https://doi.org/10.1093/jmedent/29.5.796,Male,Lab,Pure_tone,595,30 dB,"3s/tone, each tone played thrice with 3s intervals",Bending,-,-,9,9,-,200,Lab,Group,26 ± 0.5,-,-,2,Virgin,NA,31,9,0.375
Ae. aegypti,Aedes,aegypti,Differences in Male Mating Response and Female Flight Sounds in Aedes aegypti and Ae. albopictus,Duhrkopf R.E.; Hartberg W.K.,Journal of Medical Entomology,1992,https://doi.org/10.1093/jmedent/29.5.796,Male,Lab,Pure_tone,605,30 dB,"3s/tone, each tone played thrice with 3s intervals",Bending,-,-,9,9,-,200,Lab,Group,26 ± 0.5,-,-,2,Virgin,NA,31,9,0.375
Ae. aegypti,Aedes,aegypti,Differences in Male Mating Response and Female Flight Sounds in Aedes aegypti and Ae. albopictus,Duhrkopf R.E.; Hartberg W.K.,Journal of Medical Entomology,1992,https://doi.org/10.1093/jmedent/29.5.796,Male,Lab,Pure_tone,615,30 dB,"3s/tone, each tone played thrice with 3s intervals",Bending,-,-,10,10,-,200,Lab,Group,26 ± 0.5,-,-,2,Virgin,NA,31,10,0.416666667
Ae. aegypti,Aedes,aegypti,Differences in Male Mating Response and Female Flight Sounds in Aedes aegypti and Ae. albopictus,Duhrkopf R.E.; Hartberg W.K.,Journal of Medical Entomology,1992,https://doi.org/10.1093/jmedent/29.5.796,Male,Lab,Pure_tone,625,30 dB,"3s/tone, each tone played thrice with 3s intervals",Bending,-,-,7,7,-,200,Lab,Group,26 ± 0.5,-,-,2,Virgin,NA,31,7,0.291666667
Ae. aegypti,Aedes,aegypti,Differences in Male Mating Response and Female Flight Sounds in Aedes aegypti and Ae. albopictus,Duhrkopf R.E.; Hartberg W.K.,Journal of Medical Entomology,1992,https://doi.org/10.1093/jmedent/29.5.796,Male,Lab,Pure_tone,635,30 dB,"3s/tone, each tone played thrice with 3s intervals",Bending,-,-,1,1,-,200,Lab,Group,26 ± 0.5,-,-,2,Virgin,NA,31,1,0.041666667
Ae. aegypti,Aedes,aegypti,Differences in Male Mating Response and Female Flight Sounds in Aedes aegypti and Ae. albopictus,Duhrkopf R.E.; Hartberg W.K.,Journal of Medical Entomology,1992,https://doi.org/10.1093/jmedent/29.5.796,Male,Lab,Pure_tone,645,30 dB,"3s/tone, each tone played thrice with 3s intervals",Bending,-,-,0,0,-,200,Lab,Group,26 ± 0.5,-,-,2,Virgin,NA,31,0,0
Ae. aegypti,Aedes,aegypti,Effects of Environmental and Physiological Factors on the Acoustic Behavior of Aedes aegypti (L.) (Diptera: Culicidae),Costello R.A.,Thesis,1974,https://summit.sfu.ca/item/3357,Male,Lab,Pure_tone,350,65 dB,5s/ tone,Attraction,sound trap,-,3.3 ± 0.6 (mean ± SEM) (n=35),3.3,35,25,Lab,Group,26,-,-,0,Virgin,NA,9,5.7,0.232653061
Ae. aegypti,Aedes,aegypti,Effects of Environmental and Physiological Factors on the Acoustic Behavior of Aedes aegypti (L.) (Diptera: Culicidae),Costello R.A.,Thesis,1974,https://summit.sfu.ca/item/3357,Male,Lab,Pure_tone,400,65 dB,5s/ tone,Attraction,sound trap,-,3.2 ± 0.9 (mean ± SEM) (n=35),3.2,35,25,Lab,Group,26,-,-,0,Virgin,NA,9,12.7,0.518367347
Ae. aegypti,Aedes,aegypti,Effects of Environmental and Physiological Factors on the Acoustic Behavior of Aedes aegypti (L.) (Diptera: Culicidae),Costello R.A.,Thesis,1974,https://summit.sfu.ca/item/3357,Male,Lab,Pure_tone,450,65 dB,5s/ tone,Attraction,sound trap,-,1.4 ± 0.8 (mean ± SEM) (n=35),1.4,35,25,Lab,Group,26,-,-,0,Virgin,NA,9,22.2,0.906122449
Ae. aegypti,Aedes,aegypti,Effects of Environmental and Physiological Factors on the Acoustic Behavior of Aedes aegypti (L.) (Diptera: Culicidae),Costello R.A.,Thesis,1974,https://summit.sfu.ca/item/3357,Male,Lab,Pure_tone,500,65 dB,5s/ tone,Attraction,sound trap,-,1.3 ± 0.5 (mean ± SEM) (n=35),1.3,35,25,Lab,Group,26,-,-,0,Virgin,NA,9,24.5,1
Ae. aegypti,Aedes,aegypti,Effects of Environmental and Physiological Factors on the Acoustic Behavior of Aedes aegypti (L.) (Diptera: Culicidae),Costello R.A.,Thesis,1974,https://summit.sfu.ca/item/3357,Male,Lab,Pure_tone,550,65 dB,5s/ tone,Attraction,sound trap,-,1.3 ± 0.4 (mean ± SEM) (n=35),1.3,35,25,Lab,Group,26,-,-,0,Virgin,NA,9,21.1,0.86122449
Ae. aegypti,Aedes,aegypti,Effects of Environmental and Physiological Factors on the Acoustic Behavior of Aedes aegypti (L.) (Diptera: Culicidae),Costello R.A.,Thesis,1974,https://summit.sfu.ca/item/3357,Male,Lab,Pure_tone,600,65 dB,5s/ tone,Attraction,sound trap,-,0.7 ± 0.2 (mean ± SEM) (n=35),0.7,35,25,Lab,Group,26,-,-,0,Virgin,NA,9,9.7,0.395918367
Ae. aegypti,Aedes,aegypti,Effects of Environmental and Physiological Factors on the Acoustic Behavior of Aedes aegypti (L.) (Diptera: Culicidae),Costello R.A.,Thesis,1974,https://summit.sfu.ca/item/3357,Male,Lab,Pure_tone,650,65 dB,5s/ tone,Attraction,sound trap,-,0.9 ± 0.2 (mean ± SEM) (n=35),0.9,35,25,Lab,Group,26,-,-,0,Virgin,NA,9,6.7,0.273469388
Ae. aegypti,Aedes,aegypti,Effects of Environmental and Physiological Factors on the Acoustic Behavior of Aedes aegypti (L.) (Diptera: Culicidae),Costello R.A.,Thesis,1974,https://summit.sfu.ca/item/3357,Male,Lab,Pure_tone,475,65 dB,5s/ tone,Attraction,sound trap,-,12 ± 1.0 (± SE) (n=25),12,25,100,Lab,Group,26,-,-,0,Virgin,NA,9,10.2,0.416326531
Ae. aegypti,Aedes,aegypti,Effects of Environmental and Physiological Factors on the Acoustic Behavior of Aedes aegypti (L.) (Diptera: Culicidae),Costello R.A.,Thesis,1974,https://summit.sfu.ca/item/3357,Male,Lab,Pure_tone,525,65 dB,5s/ tone,Attraction,sound trap,-,8.2 ± 0.8 (± SE) (n=25),8.2,25,100,Lab,Group,26,-,-,0,Virgin,NA,9,6.75,0.275510204
Ae. aegypti,Aedes,aegypti,Serotonin modulation in the male Aedes aegypti ear influences hearing,Xu Y.Y.J.; Loh Y.M.; Lee T.T.; Ohashi T.S.; Su M.P.; Kamikouchi A.,Frontiers in Physiology,2022,https://doi.org/10.3389/fphys.2022.931567,Male,Lab,Pure_tone,350,70 dB,1 min tone on/tone off,Attraction,speaker with sound playback,-,"Median normalised response: 350 Hz (0), 375 Hz (0), 400 Hz (0), 425 Hz (0.11), 450 Hz (0.14), 475 Hz (0.23), 500 Hz (0.45), 525 Hz (1.00), 550 Hz (0.56), 575 Hz (0.39), 600 Hz (0.41), 625 Hz (0.77), 650 Hz (0.31), 675 Hz (0.35), 700 Hz (0.08), 725 Hz (0.04), 750 Hz (0.01)",0,10,30,Lab,Group,28 °C,ZT 12.5,13 l: 11 D,4,Virgin,NA,17,0,0
Ae. aegypti,Aedes,aegypti,Serotonin modulation in the male Aedes aegypti ear influences hearing,Xu Y.Y.J.; Loh Y.M.; Lee T.T.; Ohashi T.S.; Su M.P.; Kamikouchi A.,Frontiers in Physiology,2022,https://doi.org/10.3389/fphys.2022.931567,Male,Lab,Pure_tone,375,70 dB,1 min tone on/tone off,Attraction,speaker with sound playback,-,"Median normalised response: 350 Hz (0), 375 Hz (0), 400 Hz (0), 425 Hz (0.11), 450 Hz (0.14), 475 Hz (0.23), 500 Hz (0.45), 525 Hz (1.00), 550 Hz (0.56), 575 Hz (0.39), 600 Hz (0.41), 625 Hz (0.77), 650 Hz (0.31), 675 Hz (0.35), 700 Hz (0.08), 725 Hz (0.04), 750 Hz (0.01)",0,10,30,Lab,Group,28 °C,ZT 12.5,13 l: 11 D,4,Virgin,NA,17,0,0
Ae. aegypti,Aedes,aegypti,Serotonin modulation in the male Aedes aegypti ear influences hearing,Xu Y.Y.J.; Loh Y.M.; Lee T.T.; Ohashi T.S.; Su M.P.; Kamikouchi A.,Frontiers in Physiology,2022,https://doi.org/10.3389/fphys.2022.931567,Male,Lab,Pure_tone,400,70 dB,1 min tone on/tone off,Attraction,speaker with sound playback,-,"Median normalised response: 350 Hz (0), 375 Hz (0), 400 Hz (0), 425 Hz (0.11), 450 Hz (0.14), 475 Hz (0.23), 500 Hz (0.45), 525 Hz (1.00), 550 Hz (0.56), 575 Hz (0.39), 600 Hz (0.41), 625 Hz (0.77), 650 Hz (0.31), 675 Hz (0.35), 700 Hz (0.08), 725 Hz (0.04), 750 Hz (0.01)",0,10,30,Lab,Group,28 °C,ZT 12.5,13 l: 11 D,4,Virgin,NA,17,0,0
Ae. aegypti,Aedes,aegypti,Serotonin modulation in the male Aedes aegypti ear influences hearing,Xu Y.Y.J.; Loh Y.M.; Lee T.T.; Ohashi T.S.; Su M.P.; Kamikouchi A.,Frontiers in Physiology,2022,https://doi.org/10.3389/fphys.2022.931567,Male,Lab,Pure_tone,425,70 dB,1 min tone on/tone off,Attraction,speaker with sound playback,-,"Median normalised response: 350 Hz (0), 375 Hz (0), 400 Hz (0), 425 Hz (0.11), 450 Hz (0.14), 475 Hz (0.23), 500 Hz (0.45), 525 Hz (1.00), 550 Hz (0.56), 575 Hz (0.39), 600 Hz (0.41), 625 Hz (0.77), 650 Hz (0.31), 675 Hz (0.35), 700 Hz (0.08), 725 Hz (0.04), 750 Hz (0.01)",0.11,10,30,Lab,Group,28 °C,ZT 12.5,13 l: 11 D,4,Virgin,NA,17,0.11,0.11
Ae. aegypti,Aedes,aegypti,Serotonin modulation in the male Aedes aegypti ear influences hearing,Xu Y.Y.J.; Loh Y.M.; Lee T.T.; Ohashi T.S.; Su M.P.; Kamikouchi A.,Frontiers in Physiology,2022,https://doi.org/10.3389/fphys.2022.931567,Male,Lab,Pure_tone,450,70 dB,1 min tone on/tone off,Attraction,speaker with sound playback,-,"Median normalised response: 350 Hz (0), 375 Hz (0), 400 Hz (0), 425 Hz (0.11), 450 Hz (0.14), 475 Hz (0.23), 500 Hz (0.45), 525 Hz (1.00), 550 Hz (0.56), 575 Hz (0.39), 600 Hz (0.41), 625 Hz (0.77), 650 Hz (0.31), 675 Hz (0.35), 700 Hz (0.08), 725 Hz (0.04), 750 Hz (0.01)",0.14,10,30,Lab,Group,28 °C,ZT 12.5,13 l: 11 D,4,Virgin,NA,17,0.14,0.14
Ae. aegypti,Aedes,aegypti,Serotonin modulation in the male Aedes aegypti ear influences hearing,Xu Y.Y.J.; Loh Y.M.; Lee T.T.; Ohashi T.S.; Su M.P.; Kamikouchi A.,Frontiers in Physiology,2022,https://doi.org/10.3389/fphys.2022.931567,Male,Lab,Pure_tone,475,70 dB,1 min tone on/tone off,Attraction,speaker with sound playback,-,"Median normalised response: 350 Hz (0), 375 Hz (0), 400 Hz (0), 425 Hz (0.11), 450 Hz (0.14), 475 Hz (0.23), 500 Hz (0.45), 525 Hz (1.00), 550 Hz (0.56), 575 Hz (0.39), 600 Hz (0.41), 625 Hz (0.77), 650 Hz (0.31), 675 Hz (0.35), 700 Hz (0.08), 725 Hz (0.04), 750 Hz (0.01)",0.23,10,30,Lab,Group,28 °C,ZT 12.5,13 l: 11 D,4,Virgin,NA,17,0.23,0.23
Ae. aegypti,Aedes,aegypti,Serotonin modulation in the male Aedes aegypti ear influences hearing,Xu Y.Y.J.; Loh Y.M.; Lee T.T.; Ohashi T.S.; Su M.P.; Kamikouchi A.,Frontiers in Physiology,2022,https://doi.org/10.3389/fphys.2022.931567,Male,Lab,Pure_tone,500,70 dB,1 min tone on/tone off,Attraction,speaker with sound playback,-,"Median normalised response: 350 Hz (0), 375 Hz (0), 400 Hz (0), 425 Hz (0.11), 450 Hz (0.14), 475 Hz (0.23), 500 Hz (0.45), 525 Hz (1.00), 550 Hz (0.56), 575 Hz (0.39), 600 Hz (0.41), 625 Hz (0.77), 650 Hz (0.31), 675 Hz (0.35), 700 Hz (0.08), 725 Hz (0.04), 750 Hz (0.01)",0.45,10,30,Lab,Group,28 °C,ZT 12.5,13 l: 11 D,4,Virgin,NA,17,0.45,0.45
Ae. aegypti,Aedes,aegypti,Serotonin modulation in the male Aedes aegypti ear influences hearing,Xu Y.Y.J.; Loh Y.M.; Lee T.T.; Ohashi T.S.; Su M.P.; Kamikouchi A.,Frontiers in Physiology,2022,https://doi.org/10.3389/fphys.2022.931567,Male,Lab,Pure_tone,525,70 dB,1 min tone on/tone off,Attraction,speaker with sound playback,-,"Median normalised response: 350 Hz (0), 375 Hz (0), 400 Hz (0), 425 Hz (0.11), 450 Hz (0.14), 475 Hz (0.23), 500 Hz (0.45), 525 Hz (1.00), 550 Hz (0.56), 575 Hz (0.39), 600 Hz (0.41), 625 Hz (0.77), 650 Hz (0.31), 675 Hz (0.35), 700 Hz (0.08), 725 Hz (0.04), 750 Hz (0.01)",1,10,30,Lab,Group,28 °C,ZT 12.5,13 l: 11 D,4,Virgin,NA,17,1,1
Ae. aegypti,Aedes,aegypti,Serotonin modulation in the male Aedes aegypti ear influences hearing,Xu Y.Y.J.; Loh Y.M.; Lee T.T.; Ohashi T.S.; Su M.P.; Kamikouchi A.,Frontiers in Physiology,2022,https://doi.org/10.3389/fphys.2022.931567,Male,Lab,Pure_tone,550,70 dB,1 min tone on/tone off,Attraction,speaker with sound playback,-,"Median normalised response: 350 Hz (0), 375 Hz (0), 400 Hz (0), 425 Hz (0.11), 450 Hz (0.14), 475 Hz (0.23), 500 Hz (0.45), 525 Hz (1.00), 550 Hz (0.56), 575 Hz (0.39), 600 Hz (0.41), 625 Hz (0.77), 650 Hz (0.31), 675 Hz (0.35), 700 Hz (0.08), 725 Hz (0.04), 750 Hz (0.01)",0.56,10,30,Lab,Group,28 °C,ZT 12.5,13 l: 11 D,4,Virgin,NA,17,0.56,0.56
Ae. aegypti,Aedes,aegypti,Serotonin modulation in the male Aedes aegypti ear influences hearing,Xu Y.Y.J.; Loh Y.M.; Lee T.T.; Ohashi T.S.; Su M.P.; Kamikouchi A.,Frontiers in Physiology,2022,https://doi.org/10.3389/fphys.2022.931567,Male,Lab,Pure_tone,575,70 dB,1 min tone on/tone off,Attraction,speaker with sound playback,-,"Median normalised response: 350 Hz (0), 375 Hz (0), 400 Hz (0), 425 Hz (0.11), 450 Hz (0.14), 475 Hz (0.23), 500 Hz (0.45), 525 Hz (1.00), 550 Hz (0.56), 575 Hz (0.39), 600 Hz (0.41), 625 Hz (0.77), 650 Hz (0.31), 675 Hz (0.35), 700 Hz (0.08), 725 Hz (0.04), 750 Hz (0.01)",0.39,10,30,Lab,Group,28 °C,ZT 12.5,13 l: 11 D,4,Virgin,NA,17,0.39,0.39
Ae. aegypti,Aedes,aegypti,Serotonin modulation in the male Aedes aegypti ear influences hearing,Xu Y.Y.J.; Loh Y.M.; Lee T.T.; Ohashi T.S.; Su M.P.; Kamikouchi A.,Frontiers in Physiology,2022,https://doi.org/10.3389/fphys.2022.931567,Male,Lab,Pure_tone,600,70 dB,1 min tone on/tone off,Attraction,speaker with sound playback,-,"Median normalised response: 350 Hz (0), 375 Hz (0), 400 Hz (0), 425 Hz (0.11), 450 Hz (0.14), 475 Hz (0.23), 500 Hz (0.45), 525 Hz (1.00), 550 Hz (0.56), 575 Hz (0.39), 600 Hz (0.41), 625 Hz (0.77), 650 Hz (0.31), 675 Hz (0.35), 700 Hz (0.08), 725 Hz (0.04), 750 Hz (0.01)",0.41,10,30,Lab,Group,28 °C,ZT 12.5,13 l: 11 D,4,Virgin,NA,17,0.41,0.41
Ae. aegypti,Aedes,aegypti,Serotonin modulation in the male Aedes aegypti ear influences hearing,Xu Y.Y.J.; Loh Y.M.; Lee T.T.; Ohashi T.S.; Su M.P.; Kamikouchi A.,Frontiers in Physiology,2022,https://doi.org/10.3389/fphys.2022.931567,Male,Lab,Pure_tone,625,70 dB,1 min tone on/tone off,Attraction,speaker with sound playback,-,"Median normalised response: 350 Hz (0), 375 Hz (0), 400 Hz (0), 425 Hz (0.11), 450 Hz (0.14), 475 Hz (0.23), 500 Hz (0.45), 525 Hz (1.00), 550 Hz (0.56), 575 Hz (0.39), 600 Hz (0.41), 625 Hz (0.77), 650 Hz (0.31), 675 Hz (0.35), 700 Hz (0.08), 725 Hz (0.04), 750 Hz (0.01)",0.77,10,30,Lab,Group,28 °C,ZT 12.5,13 l: 11 D,4,Virgin,NA,17,0.77,0.77
Ae. aegypti,Aedes,aegypti,Serotonin modulation in the male Aedes aegypti ear influences hearing,Xu Y.Y.J.; Loh Y.M.; Lee T.T.; Ohashi T.S.; Su M.P.; Kamikouchi A.,Frontiers in Physiology,2022,https://doi.org/10.3389/fphys.2022.931567,Male,Lab,Pure_tone,650,70 dB,1 min tone on/tone off,Attraction,speaker with sound playback,-,"Median normalised response: 350 Hz (0), 375 Hz (0), 400 Hz (0), 425 Hz (0.11), 450 Hz (0.14), 475 Hz (0.23), 500 Hz (0.45), 525 Hz (1.00), 550 Hz (0.56), 575 Hz (0.39), 600 Hz (0.41), 625 Hz (0.77), 650 Hz (0.31), 675 Hz (0.35), 700 Hz (0.08), 725 Hz (0.04), 750 Hz (0.01)",0.31,10,30,Lab,Group,28 °C,ZT 12.5,13 l: 11 D,4,Virgin,NA,17,0.31,0.31
Ae. aegypti,Aedes,aegypti,Serotonin modulation in the male Aedes aegypti ear influences hearing,Xu Y.Y.J.; Loh Y.M.; Lee T.T.; Ohashi T.S.; Su M.P.; Kamikouchi A.,Frontiers in Physiology,2022,https://doi.org/10.3389/fphys.2022.931567,Male,Lab,Pure_tone,675,70 dB,1 min tone on/tone off,Attraction,speaker with sound playback,-,"Median normalised response: 350 Hz (0), 375 Hz (0), 400 Hz (0), 425 Hz (0.11), 450 Hz (0.14), 475 Hz (0.23), 500 Hz (0.45), 525 Hz (1.00), 550 Hz (0.56), 575 Hz (0.39), 600 Hz (0.41), 625 Hz (0.77), 650 Hz (0.31), 675 Hz (0.35), 700 Hz (0.08), 725 Hz (0.04), 750 Hz (0.01)",0.35,10,30,Lab,Group,28 °C,ZT 12.5,13 l: 11 D,4,Virgin,NA,17,0.35,0.35
Ae. aegypti,Aedes,aegypti,Serotonin modulation in the male Aedes aegypti ear influences hearing,Xu Y.Y.J.; Loh Y.M.; Lee T.T.; Ohashi T.S.; Su M.P.; Kamikouchi A.,Frontiers in Physiology,2022,https://doi.org/10.3389/fphys.2022.931567,Male,Lab,Pure_tone,700,70 dB,1 min tone on/tone off,Attraction,speaker with sound playback,-,"Median normalised response: 350 Hz (0), 375 Hz (0), 400 Hz (0), 425 Hz (0.11), 450 Hz (0.14), 475 Hz (0.23), 500 Hz (0.45), 525 Hz (1.00), 550 Hz (0.56), 575 Hz (0.39), 600 Hz (0.41), 625 Hz (0.77), 650 Hz (0.31), 675 Hz (0.35), 700 Hz (0.08), 725 Hz (0.04), 750 Hz (0.01)",0.08,10,30,Lab,Group,28 °C,ZT 12.5,13 l: 11 D,4,Virgin,NA,17,0.08,0.08
Ae. aegypti,Aedes,aegypti,Serotonin modulation in the male Aedes aegypti ear influences hearing,Xu Y.Y.J.; Loh Y.M.; Lee T.T.; Ohashi T.S.; Su M.P.; Kamikouchi A.,Frontiers in Physiology,2022,https://doi.org/10.3389/fphys.2022.931567,Male,Lab,Pure_tone,725,70 dB,1 min tone on/tone off,Attraction,speaker with sound playback,-,"Median normalised response: 350 Hz (0), 375 Hz (0), 400 Hz (0), 425 Hz (0.11), 450 Hz (0.14), 475 Hz (0.23), 500 Hz (0.45), 525 Hz (1.00), 550 Hz (0.56), 575 Hz (0.39), 600 Hz (0.41), 625 Hz (0.77), 650 Hz (0.31), 675 Hz (0.35), 700 Hz (0.08), 725 Hz (0.04), 750 Hz (0.01)",0.04,10,30,Lab,Group,28 °C,ZT 12.5,13 l: 11 D,4,Virgin,NA,17,0.04,0.04
Ae. aegypti,Aedes,aegypti,Serotonin modulation in the male Aedes aegypti ear influences hearing,Xu Y.Y.J.; Loh Y.M.; Lee T.T.; Ohashi T.S.; Su M.P.; Kamikouchi A.,Frontiers in Physiology,2022,https://doi.org/10.3389/fphys.2022.931567,Male,Lab,Pure_tone,750,70 dB,1 min tone on/tone off,Attraction,speaker with sound playback,-,"Median normalised response: 350 Hz (0), 375 Hz (0), 400 Hz (0), 425 Hz (0.11), 450 Hz (0.14), 475 Hz (0.23), 500 Hz (0.45), 525 Hz (1.00), 550 Hz (0.56), 575 Hz (0.39), 600 Hz (0.41), 625 Hz (0.77), 650 Hz (0.31), 675 Hz (0.35), 700 Hz (0.08), 725 Hz (0.04), 750 Hz (0.01)",0.01,10,30,Lab,Group,28 °C,ZT 12.5,13 l: 11 D,4,Virgin,NA,17,0.01,0.01
Ae. aegypti,Aedes,aegypti,A Study of Mosquito Behavior. An Experimental Laboratory Study of the Sexual Behavior of Aedes aegypti (Linnaeus),Roth L.M.,The American Midland Naturalist,1948,https://doi.org/10.2307/2421604,Male,Lab,Pure_tone,75,"100 Hz: 95.6 dB, 150 Hz: 103.8 dB, 200 Hz: 112.6 dB, 250 Hz: 113.2 dB, 300 Hz: 111 dB, 350 Hz: 109 dB, 400 Hz: 108.3 dB, 450 Hz: 109 dB, 500 Hz: 108.6 dB, 550 Hz: 108.5 dB, 600 Hz: 109.9 dB, 650 Hz: 110.7 dB, 700 Hz: 107.1 dB, 750 Hz: 106.8 dB, 800 Hz: 106.1 dB","each frequency played for 3 times, each time for 3 seconds at 6 seconds interval",Bending,speaker with sound playback,NA,0,0,NA,70-300,Lab,Individual,NA,NA,NA,1,Virgin,NA,16,0,0
Ae. aegypti,Aedes,aegypti,A Study of Mosquito Behavior. An Experimental Laboratory Study of the Sexual Behavior of Aedes aegypti (Linnaeus),Roth L.M.,The American Midland Naturalist,1948,https://doi.org/10.2307/2421604,Male,Lab,Pure_tone,125,"100 Hz: 95.6 dB, 150 Hz: 103.8 dB, 200 Hz: 112.6 dB, 250 Hz: 113.2 dB, 300 Hz: 111 dB, 350 Hz: 109 dB, 400 Hz: 108.3 dB, 450 Hz: 109 dB, 500 Hz: 108.6 dB, 550 Hz: 108.5 dB, 600 Hz: 109.9 dB, 650 Hz: 110.7 dB, 700 Hz: 107.1 dB, 750 Hz: 106.8 dB, 800 Hz: 106.1 dB","each frequency played for 3 times, each time for 3 seconds at 6 seconds interval",Bending,speaker with sound playback,NA,0,0,NA,70-300,Lab,Individual,NA,NA,NA,1,Virgin,NA,16,0,0
Ae. aegypti,Aedes,aegypti,A Study of Mosquito Behavior. An Experimental Laboratory Study of the Sexual Behavior of Aedes aegypti (Linnaeus),Roth L.M.,The American Midland Naturalist,1948,https://doi.org/10.2307/2421604,Male,Lab,Pure_tone,175,"100 Hz: 95.6 dB, 150 Hz: 103.8 dB, 200 Hz: 112.6 dB, 250 Hz: 113.2 dB, 300 Hz: 111 dB, 350 Hz: 109 dB, 400 Hz: 108.3 dB, 450 Hz: 109 dB, 500 Hz: 108.6 dB, 550 Hz: 108.5 dB, 600 Hz: 109.9 dB, 650 Hz: 110.7 dB, 700 Hz: 107.1 dB, 750 Hz: 106.8 dB, 800 Hz: 106.1 dB","each frequency played for 3 times, each time for 3 seconds at 6 seconds interval",Bending,speaker with sound playback,NA,0,0,NA,70-300,Lab,Individual,NA,NA,NA,1,Virgin,NA,16,0.65,0.036516854
Ae. aegypti,Aedes,aegypti,A Study of Mosquito Behavior. An Experimental Laboratory Study of the Sexual Behavior of Aedes aegypti (Linnaeus),Roth L.M.,The American Midland Naturalist,1948,https://doi.org/10.2307/2421604,Male,Lab,Pure_tone,225,"100 Hz: 95.6 dB, 150 Hz: 103.8 dB, 200 Hz: 112.6 dB, 250 Hz: 113.2 dB, 300 Hz: 111 dB, 350 Hz: 109 dB, 400 Hz: 108.3 dB, 450 Hz: 109 dB, 500 Hz: 108.6 dB, 550 Hz: 108.5 dB, 600 Hz: 109.9 dB, 650 Hz: 110.7 dB, 700 Hz: 107.1 dB, 750 Hz: 106.8 dB, 800 Hz: 106.1 dB","each frequency played for 3 times, each time for 3 seconds at 6 seconds interval",Bending,speaker with sound playback,NA,0,0,NA,70-300,Lab,Individual,NA,NA,NA,1,Virgin,NA,16,1.35,0.075842697
Ae. aegypti,Aedes,aegypti,A Study of Mosquito Behavior. An Experimental Laboratory Study of the Sexual Behavior of Aedes aegypti (Linnaeus),Roth L.M.,The American Midland Naturalist,1948,https://doi.org/10.2307/2421604,Male,Lab,Pure_tone,275,"100 Hz: 95.6 dB, 150 Hz: 103.8 dB, 200 Hz: 112.6 dB, 250 Hz: 113.2 dB, 300 Hz: 111 dB, 350 Hz: 109 dB, 400 Hz: 108.3 dB, 450 Hz: 109 dB, 500 Hz: 108.6 dB, 550 Hz: 108.5 dB, 600 Hz: 109.9 dB, 650 Hz: 110.7 dB, 700 Hz: 107.1 dB, 750 Hz: 106.8 dB, 800 Hz: 106.1 dB","each frequency played for 3 times, each time for 3 seconds at 6 seconds interval",Bending,speaker with sound playback,NA,0,0,NA,70-300,Lab,Individual,NA,NA,NA,1,Virgin,NA,16,1.75,0.098314607
Ae. aegypti,Aedes,aegypti,A Study of Mosquito Behavior. An Experimental Laboratory Study of the Sexual Behavior of Aedes aegypti (Linnaeus),Roth L.M.,The American Midland Naturalist,1948,https://doi.org/10.2307/2421604,Male,Lab,Pure_tone,325,"100 Hz: 95.6 dB, 150 Hz: 103.8 dB, 200 Hz: 112.6 dB, 250 Hz: 113.2 dB, 300 Hz: 111 dB, 350 Hz: 109 dB, 400 Hz: 108.3 dB, 450 Hz: 109 dB, 500 Hz: 108.6 dB, 550 Hz: 108.5 dB, 600 Hz: 109.9 dB, 650 Hz: 110.7 dB, 700 Hz: 107.1 dB, 750 Hz: 106.8 dB, 800 Hz: 106.1 dB","each frequency played for 3 times, each time for 3 seconds at 6 seconds interval",Bending,speaker with sound playback,NA,23,23,NA,70-300,Lab,Individual,NA,NA,NA,1,Virgin,NA,16,13.5,0.758426966
Ae. aegypti,Aedes,aegypti,A Study of Mosquito Behavior. An Experimental Laboratory Study of the Sexual Behavior of Aedes aegypti (Linnaeus),Roth L.M.,The American Midland Naturalist,1948,https://doi.org/10.2307/2421604,Male,Lab,Pure_tone,375,"100 Hz: 95.6 dB, 150 Hz: 103.8 dB, 200 Hz: 112.6 dB, 250 Hz: 113.2 dB, 300 Hz: 111 dB, 350 Hz: 109 dB, 400 Hz: 108.3 dB, 450 Hz: 109 dB, 500 Hz: 108.6 dB, 550 Hz: 108.5 dB, 600 Hz: 109.9 dB, 650 Hz: 110.7 dB, 700 Hz: 107.1 dB, 750 Hz: 106.8 dB, 800 Hz: 106.1 dB","each frequency played for 3 times, each time for 3 seconds at 6 seconds interval",Bending,speaker with sound playback,NA,16.8,16.8,NA,70-300,Lab,Individual,NA,NA,NA,1,Virgin,NA,16,16.75,0.941011236
Ae. aegypti,Aedes,aegypti,A Study of Mosquito Behavior. An Experimental Laboratory Study of the Sexual Behavior of Aedes aegypti (Linnaeus),Roth L.M.,The American Midland Naturalist,1948,https://doi.org/10.2307/2421604,Male,Lab,Pure_tone,425,"100 Hz: 95.6 dB, 150 Hz: 103.8 dB, 200 Hz: 112.6 dB, 250 Hz: 113.2 dB, 300 Hz: 111 dB, 350 Hz: 109 dB, 400 Hz: 108.3 dB, 450 Hz: 109 dB, 500 Hz: 108.6 dB, 550 Hz: 108.5 dB, 600 Hz: 109.9 dB, 650 Hz: 110.7 dB, 700 Hz: 107.1 dB, 750 Hz: 106.8 dB, 800 Hz: 106.1 dB","each frequency played for 3 times, each time for 3 seconds at 6 seconds interval",Bending,speaker with sound playback,NA,9.4,9.4,NA,70-300,Lab,Individual,NA,NA,NA,1,Virgin,NA,16,10.65,0.598314607
Ae. aegypti,Aedes,aegypti,A Study of Mosquito Behavior. An Experimental Laboratory Study of the Sexual Behavior of Aedes aegypti (Linnaeus),Roth L.M.,The American Midland Naturalist,1948,https://doi.org/10.2307/2421604,Male,Lab,Pure_tone,475,"100 Hz: 95.6 dB, 150 Hz: 103.8 dB, 200 Hz: 112.6 dB, 250 Hz: 113.2 dB, 300 Hz: 111 dB, 350 Hz: 109 dB, 400 Hz: 108.3 dB, 450 Hz: 109 dB, 500 Hz: 108.6 dB, 550 Hz: 108.5 dB, 600 Hz: 109.9 dB, 650 Hz: 110.7 dB, 700 Hz: 107.1 dB, 750 Hz: 106.8 dB, 800 Hz: 106.1 dB","each frequency played for 3 times, each time for 3 seconds at 6 seconds interval",Bending,speaker with sound playback,NA,23.6,23.6,NA,70-300,Lab,Individual,NA,NA,NA,1,Virgin,NA,16,3.95,0.221910112
Ae. aegypti,Aedes,aegypti,A Study of Mosquito Behavior. An Experimental Laboratory Study of the Sexual Behavior of Aedes aegypti (Linnaeus),Roth L.M.,The American Midland Naturalist,1948,https://doi.org/10.2307/2421604,Male,Lab,Pure_tone,525,"100 Hz: 95.6 dB, 150 Hz: 103.8 dB, 200 Hz: 112.6 dB, 250 Hz: 113.2 dB, 300 Hz: 111 dB, 350 Hz: 109 dB, 400 Hz: 108.3 dB, 450 Hz: 109 dB, 500 Hz: 108.6 dB, 550 Hz: 108.5 dB, 600 Hz: 109.9 dB, 650 Hz: 110.7 dB, 700 Hz: 107.1 dB, 750 Hz: 106.8 dB, 800 Hz: 106.1 dB","each frequency played for 3 times, each time for 3 seconds at 6 seconds interval",Bending,speaker with sound playback,NA,13.9,13.9,NA,70-300,Lab,Individual,NA,NA,NA,1,Virgin,NA,16,3.45,0.193820225
Ae. aegypti,Aedes,aegypti,A Study of Mosquito Behavior. An Experimental Laboratory Study of the Sexual Behavior of Aedes aegypti (Linnaeus),Roth L.M.,The American Midland Naturalist,1948,https://doi.org/10.2307/2421604,Male,Lab,Pure_tone,575,"100 Hz: 95.6 dB, 150 Hz: 103.8 dB, 200 Hz: 112.6 dB, 250 Hz: 113.2 dB, 300 Hz: 111 dB, 350 Hz: 109 dB, 400 Hz: 108.3 dB, 450 Hz: 109 dB, 500 Hz: 108.6 dB, 550 Hz: 108.5 dB, 600 Hz: 109.9 dB, 650 Hz: 110.7 dB, 700 Hz: 107.1 dB, 750 Hz: 106.8 dB, 800 Hz: 106.1 dB","each frequency played for 3 times, each time for 3 seconds at 6 seconds interval",Bending,speaker with sound playback,NA,25.4,25.4,NA,70-300,Lab,Individual,NA,NA,NA,1,Virgin,NA,16,6.8,0.382022472
Ae. aegypti,Aedes,aegypti,A Study of Mosquito Behavior. An Experimental Laboratory Study of the Sexual Behavior of Aedes aegypti (Linnaeus),Roth L.M.,The American Midland Naturalist,1948,https://doi.org/10.2307/2421604,Male,Lab,Pure_tone,625,"100 Hz: 95.6 dB, 150 Hz: 103.8 dB, 200 Hz: 112.6 dB, 250 Hz: 113.2 dB, 300 Hz: 111 dB, 350 Hz: 109 dB, 400 Hz: 108.3 dB, 450 Hz: 109 dB, 500 Hz: 108.6 dB, 550 Hz: 108.5 dB, 600 Hz: 109.9 dB, 650 Hz: 110.7 dB, 700 Hz: 107.1 dB, 750 Hz: 106.8 dB, 800 Hz: 106.1 dB","each frequency played for 3 times, each time for 3 seconds at 6 seconds interval",Bending,speaker with sound playback,NA,7.6,7.6,NA,70-300,Lab,Individual,NA,NA,NA,1,Virgin,NA,16,13.5,0.758426966
Ae. aegypti,Aedes,aegypti,A Study of Mosquito Behavior. An Experimental Laboratory Study of the Sexual Behavior of Aedes aegypti (Linnaeus),Roth L.M.,The American Midland Naturalist,1948,https://doi.org/10.2307/2421604,Male,Lab,Pure_tone,675,"100 Hz: 95.6 dB, 150 Hz: 103.8 dB, 200 Hz: 112.6 dB, 250 Hz: 113.2 dB, 300 Hz: 111 dB, 350 Hz: 109 dB, 400 Hz: 108.3 dB, 450 Hz: 109 dB, 500 Hz: 108.6 dB, 550 Hz: 108.5 dB, 600 Hz: 109.9 dB, 650 Hz: 110.7 dB, 700 Hz: 107.1 dB, 750 Hz: 106.8 dB, 800 Hz: 106.1 dB","each frequency played for 3 times, each time for 3 seconds at 6 seconds interval",Bending,speaker with sound playback,NA,0,0,NA,70-300,Lab,Individual,NA,NA,NA,1,Virgin,NA,16,17.8,1
Ae. aegypti,Aedes,aegypti,A Study of Mosquito Behavior. An Experimental Laboratory Study of the Sexual Behavior of Aedes aegypti (Linnaeus),Roth L.M.,The American Midland Naturalist,1948,https://doi.org/10.2307/2421604,Male,Lab,Pure_tone,725,"100 Hz: 95.6 dB, 150 Hz: 103.8 dB, 200 Hz: 112.6 dB, 250 Hz: 113.2 dB, 300 Hz: 111 dB, 350 Hz: 109 dB, 400 Hz: 108.3 dB, 450 Hz: 109 dB, 500 Hz: 108.6 dB, 550 Hz: 108.5 dB, 600 Hz: 109.9 dB, 650 Hz: 110.7 dB, 700 Hz: 107.1 dB, 750 Hz: 106.8 dB, 800 Hz: 106.1 dB","each frequency played for 3 times, each time for 3 seconds at 6 seconds interval",Bending,speaker with sound playback,NA,0,0,NA,70-300,Lab,Individual,NA,NA,NA,1,Virgin,NA,16,8.3,0.466292135
Ae. aegypti,Aedes,aegypti,A Study of Mosquito Behavior. An Experimental Laboratory Study of the Sexual Behavior of Aedes aegypti (Linnaeus),Roth L.M.,The American Midland Naturalist,1948,https://doi.org/10.2307/2421604,Male,Lab,Pure_tone,775,"100 Hz: 95.6 dB, 150 Hz: 103.8 dB, 200 Hz: 112.6 dB, 250 Hz: 113.2 dB, 300 Hz: 111 dB, 350 Hz: 109 dB, 400 Hz: 108.3 dB, 450 Hz: 109 dB, 500 Hz: 108.6 dB, 550 Hz: 108.5 dB, 600 Hz: 109.9 dB, 650 Hz: 110.7 dB, 700 Hz: 107.1 dB, 750 Hz: 106.8 dB, 800 Hz: 106.1 dB","each frequency played for 3 times, each time for 3 seconds at 6 seconds interval",Bending,speaker with sound playback,NA,0,0,NA,70-300,Lab,Individual,NA,NA,NA,1,Virgin,NA,16,2.55,0.143258427
Ae. aegypti,Aedes,aegypti,A Study of Mosquito Behavior. An Experimental Laboratory Study of the Sexual Behavior of Aedes aegypti (Linnaeus),Roth L.M.,The American Midland Naturalist,1948,https://doi.org/10.2307/2421604,Male,Lab,Pure_tone,825,"100 Hz: 95.6 dB, 150 Hz: 103.8 dB, 200 Hz: 112.6 dB, 250 Hz: 113.2 dB, 300 Hz: 111 dB, 350 Hz: 109 dB, 400 Hz: 108.3 dB, 450 Hz: 109 dB, 500 Hz: 108.6 dB, 550 Hz: 108.5 dB, 600 Hz: 109.9 dB, 650 Hz: 110.7 dB, 700 Hz: 107.1 dB, 750 Hz: 106.8 dB, 800 Hz: 106.1 dB","each frequency played for 3 times, each time for 3 seconds at 6 seconds interval",Bending,speaker with sound playback,NA,0,0,NA,70-300,Lab,Individual,NA,NA,NA,1,Virgin,NA,16,0,0
Ae. aegypti,Aedes,aegypti,Determinants of male Aedes aegypti and Aedes polynesiensis (Diptera: Culicidae) response to sound: efficacy and considerations for use of sound traps in the field.,Stone C.M.; Tuten H.C.; S L Dobson S.L.,Journal of Medical Entomology,2013,https://doi.org/10.1603/me13023,Male,Semi-field,Pure tone,465,93 dB (2 cm in front of speaker),1h continuous sound emission,Attraction,"sound-baited, CDC miniature light trap",trap with speaker but no sound played,49.7 ± 7%,49.7,3,100,Semi_field,NA,29,between 1530 and 1630 hours,16 L:8 D,NA,NA,NA,NA,49.7,1
Ae. aegypti,Aedes,aegypti,The siren's song: exploitation of female flight tones to passively capture male Aedes aegypti (diptera: culicidae),Johnson B.J.; Ritchie S.A.,Journal of Medical Entomology,2016,https://doi.org/10.1093/jme/tjv165,Male,Semi-field,Pure tone,484,65 dB,2 hrs,Attraction,sound-baited GAT trap + hay infusion,trap with speaker but no sound played,"484 Hz: 97.3 ± 2.3%, 560 Hz: 63.3 ± 12.3%, 715 Hz: 5.2 ± 1.2%",97.3,2,30,Semi_field,NA,-,-,-,NA,NA,NA,NA,75.4,1
Ae. aegypti,Aedes,aegypti,The siren's song: exploitation of female flight tones to passively capture male Aedes aegypti (diptera: culicidae),Johnson B.J.; Ritchie S.A.,Journal of Medical Entomology,2016,https://doi.org/10.1093/jme/tjv165,Male,Semi-field,Pure tone,560,65 dB,2 hrs,Attraction,sound-baited GAT trap + hay infusion,trap with speaker but no sound played,"484 Hz: 97.3 ± 2.3%, 560 Hz: 63.3 ± 12.3%, 715 Hz: 5.2 ± 1.2%",63.3,2,30,Semi_field,NA,NA,NA,NA,NA,NA,NA,NA,46.65,0.618700265
Ae. aegypti,Aedes,aegypti,The siren's song: exploitation of female flight tones to passively capture male Aedes aegypti (diptera: culicidae),Johnson B.J.; Ritchie S.A.,Journal of Medical Entomology,2016,https://doi.org/10.1093/jme/tjv165,Male,Semi-field,Pure tone,715,65 dB,2 hrs,Attraction,sound-baited GAT trap + hay infusion,trap with speaker but no sound played,"484 Hz: 97.3 ± 2.3%, 560 Hz: 63.3 ± 12.3%, 715 Hz: 5.2 ± 1.2%",5.2,2,30,Semi_field,NA,NA,NA,NA,NA,NA,NA,NA,11.6,0.153846154
Ae. aegypti,Aedes,Aedes aegypti,Outcomes from international field trials with Male Aedes Sound Traps: Frequency-dependent effectiveness in capturing target species in relation to bycatch abundance,Staunton K.M.; Leiva D.; Cruz A.; Goi J.; Arisqueta C.; Liu J.; Desnoyer M.; Howell P.; Espinosa F.; Mendoza A.C.; Karl S.; Crawford J.E.; Xiang W.; Manrique-Saide P.; Achee N.L.; Grieco J.P.; Ritchie S.A.; Burkot T.R.; Snoad N.,PLoS Neglected Tropical Diseases,2021,https://doi.org/10.1371/journal.pntd.0009061,Male,Field,Pure tone,450,60 dB (trap entrance),30s on/off continuously,Attraction,MAST sticky trap,BGS trap without sound,"450Hz: 28.1%, 500Hz: 24.7%, 550Hz: 29.2%, 600Hz: 18.0% (total-male mosquitoes caught MAST: 1602) (grouped from all locations)",28.1,-,-,Field,NA,-,24 hrs,NA,NA,NA,NA,NA,NA,0.962328767
Ae. aegypti,Aedes,Aedes aegypti,Outcomes from international field trials with Male Aedes Sound Traps: Frequency-dependent effectiveness in capturing target species in relation to bycatch abundance,Staunton K.M.; Leiva D.; Cruz A.; Goi J.; Arisqueta C.; Liu J.; Desnoyer M.; Howell P.; Espinosa F.; Mendoza A.C.; Karl S.; Crawford J.E.; Xiang W.; Manrique-Saide P.; Achee N.L.; Grieco J.P.; Ritchie S.A.; Burkot T.R.; Snoad N.,PLoS Neglected Tropical Diseases,2021,https://doi.org/10.1371/journal.pntd.0009061,Male,Field,Pure tone,500,60 dB (trap entrance),30s on/off continuously,Attraction,MAST sticky trap,BGS trap without sound,"450Hz: 28.1%, 500Hz: 24.7%, 550Hz: 29.2%, 600Hz: 18.0% (total-male mosquitoes caught MAST: 1602) (grouped from all locations)",24.7,NA,NA,Field,NA,NA,24 hrs,NA,NA,NA,NA,NA,NA,0.845890411
Ae. aegypti,Aedes,Aedes aegypti,Outcomes from international field trials with Male Aedes Sound Traps: Frequency-dependent effectiveness in capturing target species in relation to bycatch abundance,Staunton K.M.; Leiva D.; Cruz A.; Goi J.; Arisqueta C.; Liu J.; Desnoyer M.; Howell P.; Espinosa F.; Mendoza A.C.; Karl S.; Crawford J.E.; Xiang W.; Manrique-Saide P.; Achee N.L.; Grieco J.P.; Ritchie S.A.; Burkot T.R.; Snoad N.,PLoS Neglected Tropical Diseases,2021,https://doi.org/10.1371/journal.pntd.0009061,Male,Field,Pure tone,550,60 dB (trap entrance),30s on/off continuously,Attraction,MAST sticky trap,BGS trap without sound,"450Hz: 28.1%, 500Hz: 24.7%, 550Hz: 29.2%, 600Hz: 18.0% (total-male mosquitoes caught MAST: 1602) (grouped from all locations)",29.2,NA,NA,Field,NA,NA,24 hrs,NA,NA,NA,NA,NA,NA,1
Ae. aegypti,Aedes,Aedes aegypti,Outcomes from international field trials with Male Aedes Sound Traps: Frequency-dependent effectiveness in capturing target species in relation to bycatch abundance,Staunton K.M.; Leiva D.; Cruz A.; Goi J.; Arisqueta C.; Liu J.; Desnoyer M.; Howell P.; Espinosa F.; Mendoza A.C.; Karl S.; Crawford J.E.; Xiang W.; Manrique-Saide P.; Achee N.L.; Grieco J.P.; Ritchie S.A.; Burkot T.R.; Snoad N.,PLoS Neglected Tropical Diseases,2021,https://doi.org/10.1371/journal.pntd.0009061,Male,Field,Pure tone,600,60 dB (trap entrance),30s on/off continuously,Attraction,MAST sticky trap,BGS trap without sound,"450Hz: 28.1%, 500Hz: 24.7%, 550Hz: 29.2%, 600Hz: 18.0% (total-male mosquitoes caught MAST: 1602) (grouped from all locations)",18,NA,NA,Field,NA,NA,24 hrs,NA,NA,NA,NA,NA,NA,0.616438356
Ae. albopictus,Aedes,Aedes albopictus,Outcomes from international field trials with Male Aedes Sound Traps: Frequency-dependent effectiveness in capturing target species in relation to bycatch abundance,Staunton K.M.; Leiva D.; Cruz A.; Goi J.; Arisqueta C.; Liu J.; Desnoyer M.; Howell P.; Espinosa F.; Mendoza A.C.; Karl S.; Crawford J.E.; Xiang W.; Manrique-Saide P.; Achee N.L.; Grieco J.P.; Ritchie S.A.; Burkot T.R.; Snoad N.,PLoS Neglected Tropical Diseases,2021,https://doi.org/10.1371/journal.pntd.0009061,Male,Field,Pure tone,450,60 dB (trap entrance),30s on/off continuously,Attraction,MAST sticky trap,BGS trap without sound,"450Hz: 8.14%, 500Hz: 29.1%, 550Hz: 38.9%, 600Hz: 23.9% (total-male mosquitoes caught MAST: 540) (grouped from all locations)",8.14,-,-,Field,NA,-,24 hrs,NA,NA,NA,NA,NA,NA,0.209254499
Ae. albopictus,Aedes,Aedes albopictus,Outcomes from international field trials with Male Aedes Sound Traps: Frequency-dependent effectiveness in capturing target species in relation to bycatch abundance,Staunton K.M.; Leiva D.; Cruz A.; Goi J.; Arisqueta C.; Liu J.; Desnoyer M.; Howell P.; Espinosa F.; Mendoza A.C.; Karl S.; Crawford J.E.; Xiang W.; Manrique-Saide P.; Achee N.L.; Grieco J.P.; Ritchie S.A.; Burkot T.R.; Snoad N.,PLoS Neglected Tropical Diseases,2021,https://doi.org/10.1371/journal.pntd.0009061,Male,Field,Pure tone,500,60 dB (trap entrance),30s on/off continuously,Attraction,MAST sticky trap,BGS trap without sound,"450Hz: 8.14%, 500Hz: 29.1%, 550Hz: 38.9%, 600Hz: 23.9% (total-male mosquitoes caught MAST: 540) (grouped from all locations)",29.1,NA,NA,Field,NA,NA,24 hrs,NA,NA,NA,NA,NA,NA,0.748071979
Ae. albopictus,Aedes,Aedes albopictus,Outcomes from international field trials with Male Aedes Sound Traps: Frequency-dependent effectiveness in capturing target species in relation to bycatch abundance,Staunton K.M.; Leiva D.; Cruz A.; Goi J.; Arisqueta C.; Liu J.; Desnoyer M.; Howell P.; Espinosa F.; Mendoza A.C.; Karl S.; Crawford J.E.; Xiang W.; Manrique-Saide P.; Achee N.L.; Grieco J.P.; Ritchie S.A.; Burkot T.R.; Snoad N.,PLoS Neglected Tropical Diseases,2021,https://doi.org/10.1371/journal.pntd.0009061,Male,Field,Pure tone,550,60 dB (trap entrance),30s on/off continuously,Attraction,MAST sticky trap,BGS trap without sound,"450Hz: 8.14%, 500Hz: 29.1%, 550Hz: 38.9%, 600Hz: 23.9% (total-male mosquitoes caught MAST: 540) (grouped from all locations)",38.9,NA,NA,Field,NA,NA,24 hrs,NA,NA,NA,NA,NA,NA,1
Ae. albopictus,Aedes,Aedes albopictus,Outcomes from international field trials with Male Aedes Sound Traps: Frequency-dependent effectiveness in capturing target species in relation to bycatch abundance,Staunton K.M.; Leiva D.; Cruz A.; Goi J.; Arisqueta C.; Liu J.; Desnoyer M.; Howell P.; Espinosa F.; Mendoza A.C.; Karl S.; Crawford J.E.; Xiang W.; Manrique-Saide P.; Achee N.L.; Grieco J.P.; Ritchie S.A.; Burkot T.R.; Snoad N.,PLoS Neglected Tropical Diseases,2021,https://doi.org/10.1371/journal.pntd.0009061,Male,Field,Pure tone,600,60 dB (trap entrance),30s on/off continuously,Attraction,MAST sticky trap,BGS trap without sound,"450Hz: 8.14%, 500Hz: 29.1%, 550Hz: 38.9%, 600Hz: 23.9% (total-male mosquitoes caught MAST: 540) (grouped from all locations)",23.9,NA,NA,Field,NA,NA,24 hrs,NA,NA,NA,NA,NA,NA,0.614395887
Ae. diantaeus,Aedes,diantaeus,Acoustic orientation of male Aedes diantaeus during mating,Apasov S.G.; Zhantiev R.D.; Tamarina N.A.; Fedorova M.V.,Parazitologiia,1986,https://pubmed.ncbi.nlm.nih.gov/2947032/,Male,Lab,Pure_tone,250,64-65 dB (1 cm in front of speaker),"5s tone, 2 min silence",Attraction,NA,NA,"250: 8 (%), 270: 25, 310: 55, 320: 85, 350: 100, 375: 40, 400: 25, 415: 8",8,NA,10,Lab,Group,NA,NA,NA,NA,Virgin,NA,8,8,0.08
Ae. diantaeus,Aedes,diantaeus,Acoustic orientation of male Aedes diantaeus during mating,Apasov S.G.; Zhantiev R.D.; Tamarina N.A.; Fedorova M.V.,Parazitologiia,1986,https://pubmed.ncbi.nlm.nih.gov/2947032/,Male,Lab,Pure_tone,270,64-65 dB (1 cm in front of speaker),"5s tone, 2 min silence",Attraction,NA,NA,"250: 8 (%), 270: 25, 310: 55, 320: 85, 350: 100, 375: 40, 400: 25, 415: 8",25,NA,10,Lab,Group,NA,NA,NA,NA,Virgin,NA,8,25,0.25
Ae. diantaeus,Aedes,diantaeus,Acoustic orientation of male Aedes diantaeus during mating,Apasov S.G.; Zhantiev R.D.; Tamarina N.A.; Fedorova M.V.,Parazitologiia,1986,https://pubmed.ncbi.nlm.nih.gov/2947032/,Male,Lab,Pure_tone,310,64-65 dB (1 cm in front of speaker),"5s tone, 2 min silence",Attraction,NA,NA,"250: 8 (%), 270: 25, 310: 55, 320: 85, 350: 100, 375: 40, 400: 25, 415: 9",55,NA,10,Lab,Group,NA,NA,NA,NA,Virgin,NA,8,55,0.55
Ae. diantaeus,Aedes,diantaeus,Acoustic orientation of male Aedes diantaeus during mating,Apasov S.G.; Zhantiev R.D.; Tamarina N.A.; Fedorova M.V.,Parazitologiia,1986,https://pubmed.ncbi.nlm.nih.gov/2947032/,Male,Lab,Pure_tone,320,64-65 dB (1 cm in front of speaker),"5s tone, 2 min silence",Attraction,NA,NA,"250: 8 (%), 270: 25, 310: 55, 320: 85, 350: 100, 375: 40, 400: 25, 415: 10",85,NA,10,Lab,Group,NA,NA,NA,NA,Virgin,NA,8,85,0.85
Ae. diantaeus,Aedes,diantaeus,Acoustic orientation of male Aedes diantaeus during mating,Apasov S.G.; Zhantiev R.D.; Tamarina N.A.; Fedorova M.V.,Parazitologiia,1986,https://pubmed.ncbi.nlm.nih.gov/2947032/,Male,Lab,Pure_tone,350,64-65 dB (1 cm in front of speaker),"5s tone, 2 min silence",Attraction,NA,NA,"250: 8 (%), 270: 25, 310: 55, 320: 85, 350: 100, 375: 40, 400: 25, 415: 11",100,NA,10,Lab,Group,NA,NA,NA,NA,Virgin,NA,8,100,1
Ae. diantaeus,Aedes,diantaeus,Acoustic orientation of male Aedes diantaeus during mating,Apasov S.G.; Zhantiev R.D.; Tamarina N.A.; Fedorova M.V.,Parazitologiia,1986,https://pubmed.ncbi.nlm.nih.gov/2947032/,Male,Lab,Pure_tone,375,64-65 dB (1 cm in front of speaker),"5s tone, 2 min silence",Attraction,NA,NA,"250: 8 (%), 270: 25, 310: 55, 320: 85, 350: 100, 375: 40, 400: 25, 415: 12",40,NA,10,Lab,Group,NA,NA,NA,NA,Virgin,NA,8,40,0.4
Ae. diantaeus,Aedes,diantaeus,Acoustic orientation of male Aedes diantaeus during mating,Apasov S.G.; Zhantiev R.D.; Tamarina N.A.; Fedorova M.V.,Parazitologiia,1986,https://pubmed.ncbi.nlm.nih.gov/2947032/,Male,Lab,Pure_tone,400,64-65 dB (1 cm in front of speaker),"5s tone, 2 min silence",Attraction,NA,NA,"250: 8 (%), 270: 25, 310: 55, 320: 85, 350: 100, 375: 40, 400: 25, 415: 13",25,NA,10,Lab,Group,NA,NA,NA,NA,Virgin,NA,8,25,0.25
Ae. diantaeus,Aedes,diantaeus,Acoustic orientation of male Aedes diantaeus during mating,Apasov S.G.; Zhantiev R.D.; Tamarina N.A.; Fedorova M.V.,Parazitologiia,1986,https://pubmed.ncbi.nlm.nih.gov/2947032/,Male,Lab,Pure_tone,415,64-65 dB (1 cm in front of speaker),"5s tone, 2 min silence",Attraction,NA,NA,"250: 8 (%), 270: 25, 310: 55, 320: 85, 350: 100, 375: 40, 400: 25, 415: 14",8,NA,10,Lab,Group,NA,NA,NA,NA,Virgin,NA,8,8,0.08
An. gambiae,Anopheles,gambiae,Assessing the acoustic behaviour of Anopheles gambiae (s.l.) dsxF mutants: implications for vector control.,Su M.P.; Georgiades M.; Bagi J.; Kyrou K.; Crisanti A.; Albert J.T.,Parasites & Vectors,2020,https://doi.org/10.1186/s13071-020-04382-x,Male,Lab,Pure_tone,100,NA,1 min ON/OFF,Attraction,NA,speaker without sound playback,"100 Hz: 10 ± 3 %, 400 Hz: 69 ± 18 %, 0 ± 1 %, 380 Hz: 75 ± 3 %, 432 Hz: 54 ± 3 %, 497 Hz: 20 ± 2 %,  (median ± SEM)",10,06-Mar,25,Lab,Group,28,ZT13,13 L: 11 D,5,Virgin,NA,6,10,0.133333333
An. gambiae,Anopheles,gambiae,Assessing the acoustic behaviour of Anopheles gambiae (s.l.) dsxF mutants: implications for vector control.,Su M.P.; Georgiades M.; Bagi J.; Kyrou K.; Crisanti A.; Albert J.T.,Parasites & Vectors,2020,https://doi.org/10.1186/s13071-020-04382-x,Male,Lab,Pure_tone,380,NA,1 min ON/OFF,Attraction,NA,speaker without sound playback,"100 Hz: 10 ± 3 %, 400 Hz: 69 ± 18 %, 0 ± 1 %, 380 Hz: 75 ± 3 %, 432 Hz: 54 ± 3 %, 497 Hz: 20 ± 2 %,  (median ± SEM)",75,06-Mar,25,Lab,Group,28,ZT13,13 L: 11 D,5,Virgin,NA,6,75,1
An. gambiae,Anopheles,gambiae,Assessing the acoustic behaviour of Anopheles gambiae (s.l.) dsxF mutants: implications for vector control.,Su M.P.; Georgiades M.; Bagi J.; Kyrou K.; Crisanti A.; Albert J.T.,Parasites & Vectors,2020,https://doi.org/10.1186/s13071-020-04382-x,Male,Lab,Pure_tone,400,NA,1 min ON/OFF,Attraction,NA,speaker without sound playback,"100 Hz: 10 ± 3 %, 400 Hz: 69 ± 18 %, 0 ± 1 %, 380 Hz: 75 ± 3 %, 432 Hz: 54 ± 3 %, 497 Hz: 20 ± 2 %,  (median ± SEM)",69,06-Mar,25,Lab,Group,28,ZT13,13 L: 11 D,5,Virgin,NA,6,69,0.92
An. gambiae,Anopheles,gambiae,Assessing the acoustic behaviour of Anopheles gambiae (s.l.) dsxF mutants: implications for vector control.,Su M.P.; Georgiades M.; Bagi J.; Kyrou K.; Crisanti A.; Albert J.T.,Parasites & Vectors,2020,https://doi.org/10.1186/s13071-020-04382-x,Male,Lab,Pure_tone,432,NA,1 min ON/OFF,Attraction,NA,speaker without sound playback,"100 Hz: 10 ± 3 %, 400 Hz: 69 ± 18 %, 0 ± 1 %, 380 Hz: 75 ± 3 %, 432 Hz: 54 ± 3 %, 497 Hz: 20 ± 2 %,  (median ± SEM)",54,06-Mar,25,Lab,Group,28,ZT13,13 L: 11 D,5,Virgin,NA,6,54,0.72
An. gambiae,Anopheles,gambiae,Assessing the acoustic behaviour of Anopheles gambiae (s.l.) dsxF mutants: implications for vector control.,Su M.P.; Georgiades M.; Bagi J.; Kyrou K.; Crisanti A.; Albert J.T.,Parasites & Vectors,2020,https://doi.org/10.1186/s13071-020-04382-x,Male,Lab,Pure_tone,497,NA,1 min ON/OFF,Attraction,NA,speaker without sound playback,"100 Hz: 10 ± 3 %, 400 Hz: 69 ± 18 %, 0 ± 1 %, 380 Hz: 75 ± 3 %, 432 Hz: 54 ± 3 %, 497 Hz: 20 ± 2 %,  (median ± SEM)",20,06-Mar,25,Lab,Group,28,ZT13,13 L: 11 D,5,Virgin,NA,6,20,0.266666667
An. gambiae,Anopheles,gambiae,Assessing the acoustic behaviour of Anopheles gambiae (s.l.) dsxF mutants: implications for vector control.,Su M.P.; Georgiades M.; Bagi J.; Kyrou K.; Crisanti A.; Albert J.T.,Parasites & Vectors,2020,https://doi.org/10.1186/s13071-020-04382-x,Male,Lab,Pure_tone,700,NA,1 min ON/OFF,Attraction,NA,speaker without sound playback,"100 Hz: 10 ± 3 %, 400 Hz: 69 ± 18 %, 0 ± 1 %, 380 Hz: 75 ± 3 %, 432 Hz: 54 ± 3 %, 497 Hz: 20 ± 2 %,  (median ± SEM)",0,06-Mar,25,Lab,Group,28,ZT13,13 L: 11 D,5,Virgin,NA,6,0,0
